-0.173,53.094,13
131.035,33.846,23
-83.58352,38.21989,20
55.522,-4.674,27
-96.37948,42.39169,21.1
-46.469,-23.432,17
-97.99735,40.8966,21.9
-72.61929,40.85055,10.6
-94.11756,36.1802,18
-95.41758,30.36108,20.6
-78.93248,33.6769,25
-71.197,46.837,13.4
80.797,16.53,32
-106.815,41.447,18
-98.04585,29.70888,25.6
-86.41002,36.37455,23
-96.15342,46.28654,14
-81.07,33.612,22
-83.86182,35.19393,20.1
51.152,35.416,19
77.546,34.136,8
-115.066,51.083,19.2
-92.23582,34.72726,22.2
14.069,57.752,10
-97.38072,42.91415,22.8
-94.96007,33.09363,24.3
-162.033,61.865,7.2
-88.4654,36.08895,22
-111.962,41.111,26
-39.27,-7.219,24
-76.76629,37.52239,15.5
8.616,51.614,17
-79.20649,37.32126,12.2
-84.727,44.681,11
-91.57633,34.59983,21.1
15.714,41.538,19
-84.39735,39.53238,19
-66.01065,18.4326,26.1
-86.91896,36.53632,22
15.083,65.806,7
-101.05119,39.43006,20.7
-97.14956,44.90453,18.9
45.066,37.665,11
2.483,44.41,14
-71.49239,41.91682,11.7
-116.0056,39.60151,20
-93.1114,41.29843,20
-102.241,40.1,23
-28.714,38.521,18
26.302,-29.093,5
-102.041,19.396,27
7.78,64.349,9
-94.90953,39.76829,21.1
17.9949,53.0962,12
9.787,54.962,13
-88.60708,34.92087,24
-118.83445,45.69751,27.2
-83.10553,29.63345,27
99.881,19.961,27
22.379,-34.006,11
42.1,45.108,13
47.995,46.286,16
-3.093,58.459,13
138.077,9.487,30.7
-100.025,48.389,15
-94.8546,33.91335,22
-88.49074,43.7695,17.2
-102.27,48.79,17.9
-86.23685,43.17107,14.4
-84.743,43.62288,10.5
-91.65175,35.72586,22.2
120.621,24.265,32
-80.466,33.978,21.9
80.228,50.352,15
46.956,-25.038,21
-79.40392,40.27674,12
41.6,41.61,16
-97.33784,26.15966,26.7
3.342,52.36,14
-99.754,16.758,31
-71.972,46.691,11.7
84.951,24.744,30
-84.634,45.866,6
27.222,31.325,17
135.233,34.434,22
-82.079,32.374,22.6
150.477,-23.375,26
109.412,18.303,31
-83.98542,42.63266,12
166.213,-22.015,24
-122.55467,38.14174,19
-80.00582,32.70246,25
7.809,36.822,13
-122.784,49.018,16.9
-64.48167,48.775,5
-84.63438,30.97086,24.8
-76.014,36.399,19
74.617,15.861,21
175.381,-40.196,16
-2.956,35.278,19
-84.42225,42.56356,12.5
-114.45469,42.72736,27.2
-106.145717,31.515101,29.5
-122.15914,48.15839,17
-171.993,-13.829,30
-90.47207,31.18227,22.2
-80.64,32.921,21
13.213,56.083,12
-46.96,-19.563,19
-87.6824,37.80656,21.7
-98.49297,33.97855,26.7
-71.615,-33.656,5
-78.41118,41.04647,8.3
122.235,-17.948,22
-95.77919,37.15662,19
-45.861,-23.229,18
-94.8981,26.1292,27.3
83.451,26.74,27
-72.506,41.383,10
-77.36956,39.41766,10.6
-77.301,38.503,14.4
-71.92352,41.07304,11.1
0.538,41.734,20
151.793,-27.558,23
21.6916,47.984,13
-84.22628,39.59179,19.4
-85.68589,40.48634,17.6
-121.6244,37.82759,27
-13.657,13.733,33
-78.51674,40.08633,9.5
-103.283,56.333,19.7
-107.88836,40.04437,21.1
-122.60701,38.26006,17
32.706,25.671,25
-0.186,27.839,25
0.486,52.362,14.6
-98.66077,30.78729,25
-75.637,45.005,11.9
-156.955,20.783,23.9
-92.02995,32.51552,22.2
-104.58,50.408,20.1
-70.95005,43.98992,10.6
-86.998,41.45348,17.8
17.92,59.664,13
-80.616,-5.206,26
-64.478,45.067,7.4
-83.83045,34.27209,19.4
-89.34523,43.14068,21.7
-90.526,14.585,19
-61.36806,45.65667,4
-94.12733,46.40206,14.4
-120.15049,48.42819,23.9
2.114,48.752,17
12.307,44.224,14
-92.47482,48.26014,12
-92.81405,33.22072,21.1
-121.938,38.25,21.3
59.29,32.894,14
30.083,40.735,15
-86.29981,41.36364,16
-100.417,48.83,15
-84.98264,32.3239,23.6
-97.54102,28.04183,26
-97.84417,53.95833,14
-135.059,60.71,10
-122.57624,47.26744,18.3
-57.895,-34.972,6
-98.23164,38.75024,21
-126.796,65.278,16
1.182,49.383,16
-163.5323,63.0334,6.7
159.077,-31.538,21
-160.191,62.647,6.7
-112.024,54.769,22.7
30.14,-1.969,17
-105.16046,40.16117,21.7
-8.925,52.702,13
-83.75697,40.13144,17
-1.07,43.69,18
-96.078,64.306,4
-62.169,-38.725,3
-64.701,-21.556,8
-164.548,67.731,0.6
-149.837,61.25,8
-70.72784,41.90852,12.2
20.291,44.824,13
-166.543,53.896,6.1
-122.87702,42.37503,29.4
-104.71,50.201,20.7
8.973,39.354,14
158.21,6.986,32
-79.50514,35.70582,14.5
-97.268,37.622,22.7
-100.862,43.259,23
-1.978,32.514,23
-88.543,32.546,21.1
-9.036,38.704,17
-94.19183,34.54137,19.6
74.404,31.522,29
-104.25845,32.33355,32.8
-122.60139,58.83722,7
-173.9628,-18.585,26
-71.229,47.562,6.3
-99.7665,30.51046,28.3
81.738,21.182,31
-72.25107,40.96053,10.2
-95.64692,45.33099,16
-95.34049,48.93181,12
-99.89147,39.84966,16
72.859,19.1,31
1.829,61.206,11
-82.88202,32.0942,21
-122.90494,46.97371,19.4
15.447,46.997,13
34.155,61.885,6
-16.774,32.698,18
-83.06731,40.61576,17.8
23.945,37.936,20
-157.703,-19.842,26
102.564,17.987,30
65.167,40.116,17
-105.715,75.377,-12.1
-105.91132,40.09038,15
-83.53333,35.85679,22
-77.00138,36.98271,16.7
23.968,56.924,14
-101.39551,35.69502,14.4
-2.163,47.312,19
-85.06526,42.93975,11
-76.371,40.70716,6
-90.99851,45.49345,17
-118.2417,34.0677,19
6.386,43.383,15
-83.52139,42.24196,12.8
9.427,52.457,20
-128.832,60.116,12
-84.25945,32.95396,22
-54.672,-20.469,18
-115.597,46.144,21.7
-119.649,49.563,24.6
-77.71503,38.58764,13.2
-157.159,66.886,12.2
82.111,21.988,27
23.414,42.694,13
135.184,48.527,19
-84.69718,32.93621,21.1
-90.38644,47.83664,9
-108.38507,43.71778,21.9
30.798,36.9,17
14.085,55.922,14
58.756,53.393,17
-77.113,-12.024,22
-96.51218,31.64462,20.6
-78.98842,36.28405,14
31.405,30.133,20
-119.441,49.028,27.3
-89.33835,31.47268,23.9
10.331,45.429,19
51.315,25.117,28.1
-78.354,-0.124,15
-104.84843,39.55989,22.2
4.904,48.631,15
-112.15539,35.94583,23.9
-81.46341,41.03733,18.3
73.8631,15.7426,26
67.139,24.902,28
160.047,-9.43,29
-46.655,-23.627,17
14.538,50.123,15
-158.034,-9.01,30
-68.42694,58.09611,5
77.117,28.567,31
-102.52004,43.02615,22.8
-89.77364,43.52364,18.3
-83.3137,37.59133,22.2
17.161,46.689,14
19.401,51.724,9
-68.20806,48.60889,6
-123.40334,48.13943,11.7
80.18,12.994,30
-74.591,40.016,12
-96.29765,43.98538,17.4
-86.39018,31.30614,24.4
-96.93759,48.75243,13
-77.79251,36.77234,17
174.792,-37.008,17
-43.819,-16.705,21
-108.487,59.56,23.6
-104.758,39.713,21.7
24.069,54.962,12
-66.342,44.287,8.6
-92.82951,44.02024,16.5
-97.22114,34.70412,22.6
4.935,51.565,15
-141.16351,64.77614,13.3
-82.30889,42.99944,12
151.173,-33.946,18
29.701,37.785,12
-92.765,33.619,20
-40.286,-20.258,21
38.019,59.281,10
-119.06294,36.02735,33.3
131.449,31.877,22
-77.32269,42.90579,9.2
26.691,58.307,15
-81.873,32.193,23
-0.461,52.611,14
-113.76861,42.54525,26.1
-96.93,42.765,23
-63.17,46.344,6.9
27.926,-25.939,11
-91.44265,46.03027,17.2
-101.62432,40.51063,21.1
75.547,11.917,26
-116.982,32.544,19
-123.81441,45.42096,15
-39.081,-16.439,25
3.725,60.645,11
-94.50245,44.32275,18
-96.3239,29.60197,21.2
-90.7142,27.326,28
-85.90167,51.65861,18
-114.60777,32.66001,33.3
-86.526,30.483,26.9
2.105,41.521,17
-81.2479,41.20903,15.1
5.452,22.824,23
-105.1042,39.90085,22
116.965,31.99,23
-65.638,18.253,26.7
128.71,-15.781,28
-90.99151,38.58774,20
-67.253,45.21,8.4
-90.11011,42.04544,21.1
-98.084,49.188,13.3
-82.88142,34.67221,17.8
-4.852,41.706,15
2.846,57.111,12
-117.62486,33.97563,23.3
-81.15552,35.19682,15.6
-2.853,48.536,14
-79.01711,37.13991,13
-1.79,51.682,13.9
57.37,22.5,28
59.827,41.761,17
-99.743,29.21349,25.1
-90.40517,45.70637,15.1
-132.935,56.805,7.2
-97.86757,28.82673,25
24.86,42.064,15
-66.179,-17.421,14
16.8998,51.1032,14
-45.42,61.164,9
-75.29527,40.38641,9
-90.02898,30.04935,22.2
-98.85915,38.3405,21.7
-58.762,-27.445,10
-157.858,67.106,12.8
72.827,33.551,25
-75.825,8.826,26
136.407,36.394,21
-15.389,27.923,19
7.157,50.865,14
28.224,-25.654,11
-79.791,43.302,7.2
36.953,37.539,13
-105.25,20.68,30
-122.6775,53.88417,11
-120.61747,34.63296,15.9
12.104,67.527,9
-116.29302,48.72552,24
-112.57233,42.91969,25.6
23.867,44.31,16
7.828,48.369,15
-69.71139,43.96387,11.1
-114.482,49.628,18.3
-95.61888,33.16149,26.5
-94.50836,45.09485,15
-92.10208,30.56426,21
41.634,20.296,26
25.548,-25.798,8
-65.486,-24.856,9
-89.04491,35.21546,24
-95.90185,41.31186,23.3
22.831,58.991,12
-97.32,32.99,27.2
-156.92,64.738,12.8
-100.40462,35.89292,23
-72.86741,40.82122,10
3.22,53.218,13
-70.181,-20.535,19
71.468,51.024,12
-101.481,20.997,29
-127.36667,50.68056,12
-94.5466,29.1303,24
-49.176,-25.529,14
-83.98958,39.69352,19
-64.9175,44.98417,8
-81.69176,29.66019,26
-83.98572,35.81799,22.8
7.216,43.658,22
-92.74361,49.83139,10
-174.208,52.219,5.6
5.752,53.223,11
-157.344,-20.137,27
-159.33864,21.98047,25.6
-111.037,43.181,20
-77.522,37.407,15
-77.85,21.42,26
-86.41069,43.96143,15
-117.245,63.134,15.9
91.587,26.107,23
147.213,-41.544,14
37.261,55.592,11
-122.05269,37.99165,18.9
-59.492,13.075,26
-130.638,53.493,9.9
-116.1472,34.29398,31.1
-112.303,45.534,23
-34.923,-8.126,26
-117.6325,49.29639,27
23.677,70.681,5
-87.08931,45.72245,11.1
-57.39139,49.21111,7
10.386,32.312,18
-98.74154,27.35159,25.6
-99.96917,37.77106,22.2
-93.10412,34.47549,21.7
-0.456,49.18,14
-159.539,61.578,8.9
-82.03701,36.68715,18
86.169,22.813,30
-95.65125,38.9414,20.6
-81.59859,35.25565,14.7
-84.56116,35.39519,25
-109.51277,40.44293,25
-92.28278,31.3963,21.7
-103.322,34.381,24
-106.31625,39.22803,12.2
-75.766,4.455,23
104.436,30.304,24
-76.2174,42.59287,8
-98.2445,26.17911,28.3
9.152,55.74,11
-95.612,44.25,18
-111.33792,34.25513,25
-87.44783,36.86026,22
110.375,-6.973,30
-82.53788,35.43179,16.7
38.063,24.144,28
-93.91786,44.21845,18.3
-100.66895,41.122,17.2
-81.96352,33.36517,21.1
-86.37926,35.87668,23
8.658,53.765,15
129.774,62.093,13
9.704,45.674,20
-97.55978,44.43241,20
-1.296,59.88,11
85.359,27.697,22
1.179,45.863,20
-115.19396,36.21205,33.9
103.982,1.368,30
13.091,38.176,20
-121.436,39.145,32
-70.21827,42.07433,12.2
129.785,33.749,21
-94.6253,27.3536,24
5.02,61.582,10
73.171,6.744,28
-104.65623,39.84657,22.8
-82.05,29.844,25
-68.325,47.417,6.7
-77.9681,38.00851,13.1
5.329,45.363,13
-87.05431,35.15325,22
-80.79889,46.625,13
-99.574,27.448,29
-92.371,14.795,30
-97.47133,35.24359,24
-83.74996,42.96685,11.1
-98.6704,46.92587,18.3
-94.30819,39.32478,18
106.822,47.651,4
8.622,26.724,24
-5.873,54.614,15
-1.924,34.787,15
-2.261,31.65,27
-94.73949,38.84996,21.7
-101.037,19.844,21
-78.749,1.814,27
-95.829,32.165,25
-85.60431,30.84316,25
-58.416,-34.559,12
-84.218,9.991,22
-98.078,37.154,23
-104.565,19.147,30
-70.92,48.298,11.1
38.904,37.445,12
-79.4,43.667,7.5
-117.34961,33.21946,18.3
34.584,25.557,25
-91.87929,32.75826,20.3
-120.45216,34.89403,16.7
-156.353,65.699,15
-104.75102,38.67563,20.6
-88.45669,33.65191,22.9
-109.72,23.157,31
-1.418,54.511,10
2.945,53.824,14
-92.55059,35.02173,22
-100.81895,39.11386,19.8
-84.61304,40.86333,15
-90.344,34.6766,21.4
3.089,50.562,17
8.669,45.53,18
-119.0771,47.9219,27
120.087,36.362,21
-82.86918,41.51878,15
24.854,56.778,14
0.055,51.505,17
14.73,56.927,12
92.73,11.641,29
-1.099,51.62,12
44.121,24.45,26
94.098,27.296,24
-92.0333,26.1283,28
-77.44064,34.70624,23.9
139.395,35.514,19
-105.296,73.766,-9.1
14.919,37.406,15
-84.424,34.31,20.6
101.445,0.461,24
-83.34745,40.22372,18
-101.3714,37.16469,22
-111.98918,46.60446,23.3
10.931,63.46,11
-77.178,38.714,13.5
-93.76405,32.07181,23
-81.3775,48.56917,18
-85.528,30.038,26.1
-73.88155,41.62574,10
-111.677,40.14966,26
-109.60223,31.47254,28.9
134.165,35.53,21
-122.51028,53.02611,16
17.403,40.517,20
-93.733,49.664,10.3
144.7958,13.47964,30
29.032,70.871,6
-113.57972,53.30972,24
8.083,50.708,20
-80.24119,25.99956,29.4
-79.8285,37.95306,9
-62.979,17.497,26
-99.23464,48.4816,14
-79.8942,35.65271,13.3
-65.282,-43.209,12
-122.90916,48.70806,15
-119.84249,34.42411,17.2
-104.31203,43.88451,21
-94.09053,44.75881,16.2
-4.322,11.163,28
-93.29716,32.64329,21
7.612,51.518,17
-88.21456,35.17311,24
5.637,58.884,9
-86.06783,35.17405,25
73.156,-0.693,28
-81.10017,36.21881,12
48.23,30.366,26
-81.34105,29.9592,26.7
-83.77392,31.98894,22.6
-83.66812,41.01368,15.6
-77.61887,34.8251,23.9
-84.07944,41.86783,13.3
-91.8,18.651,31
-95.9946,45.98908,15.2
-112.311,47.605,21.3
15.347,44.108,21
-61.68,45.608,1.5
-170.223,57.155,3.9
-84.68712,43.32093,11
-79.597,8.909,29
-110.428,31.606,27.2
-88.25119,41.89641,17.2
7.108,49.213,15
-123.742,61.242,17.4
-57.519,-25.248,15
-70.95911,41.67909,13.3
-116.465,53.57889,21
-93.35108,45.0623,16.1
2.827,60.492,10
-60.483,-31.79,9
-85.16157,34.34834,22.8
-103.691,40.921,21.8
-97.24,49.91,10
-106.26206,35.87892,22.4
-73.28906,42.42685,7.8
-78.83075,40.3149,7.8
104.119,1.121,29
-71.42536,43.57183,11.7
-120.74028,56.23806,13
7.667,53.548,12
-85.846,31.364,25
-72.71244,42.16005,9.4
-81.47536,31.25673,25.5
-79.7354,34.6228,21
-101.91274,32.74813,23
153.119,-30.317,20
-97.5872,40.14934,21.2
-112.093,47.325,21.6
100.277,5.297,25
24.847,67.701,12
-122.31475,47.54554,17.8
-79.97369,37.31719,12.8
55.161,24.897,25
-99.93464,47.79061,16
-104.66583,50.43194,20
15.233,41.047,12
-85.45682,46.3151,10
-90.78184,39.63911,22.9
-85.50105,37.80794,21.9
10.755,35.758,20
-80.62415,35.01469,17.2
-86.51437,36.0029,23.3
-60.002,43.933,7
31.044,70.355,7
-96.36308,30.59119,21.1
-76.45693,42.49306,8.3
-102.28191,39.24149,23.3
13.575,-14.925,16
-76.798,17.942,29
-97.10236,36.73689,22.2
-1.601,55.421,13
-83.13215,32.21363,20
14.134,57.29,11
-86.44298,37.78358,22
-118.83841,37.62529,19
-98.74531,37.70688,22.2
-99.268,53.187,6.5
-78.984,-2.889,16
-71.41112,41.59946,13
-81.68208,33.65095,21.3
-0.691,44.831,18
-100.46686,32.46883,26.1
7.816,63.109,10
-85.775,14.875,30
-54.169,-28.282,12
-131.66,54.161,9.9
-0.324,42.082,19
13.342,59.442,9
-105.67278,53.21417,22
-123.7525,39.2621,12
-71.17821,44.57604,12.8
23.069,67.246,12
-77.467,25.04,28
-153.695,65.994,11.6
10.184,52.918,14
40.845,41.179,17
-166.043,61.776,2.9
-86.40743,32.2997,21.7
-77.74534,37.9667,13.5
-87.04843,31.41912,22.2
126.493,33.511,20
40.544,21.483,24
-80.2083,40.48139,14.4
-90.82458,35.1213,22
-159.783,22.034,29.4
100.391,5.466,25
-90.44129,42.69092,19.2
21.762,63.051,12
-71.824,45.369,13.5
14.92,37.4,15.6
-92.911,31.022,21.1
-90.18739,43.21106,18.9
131.279,33.93,23
39.705,24.553,31
-82.17885,41.34628,16.7
-92.93209,43.66883,17.8
-159.806,-21.203,25
139.488,-20.678,27
135.439,34.784,25
-94.10777,36.3749,17
-90.997,27.946,27
-84.76406,37.57641,20
-56.031,-34.838,12
-3.44,47.761,18
18.348,57.662,12
25.114,37.022,19
-68.182,-16.511,5
145.624,14.997,30
75.398,19.863,27
-96.39671,33.94273,24
-78.90133,38.26014,11.6
-76.19266,36.90371,17.8
-121.59801,37.07969,19
-118.03424,34.08825,22
46.702,24.945,26
-93.22728,44.6252,16
-93.2154,33.22662,20
-83.5583,34.1739,19.2
-83.16105,42.09914,13
-80.94729,35.76352,13.9
-37.07,-10.984,27
36.516,33.411,13
-81.56246,31.88721,25
-88.589,15.737,29
3.67,51.926,15
-96.39938,32.03156,27.2
-106.86767,40.5153,16.8
42.621,19.984,28
-74.624,47.922,14.4
-96.76468,40.84781,22.8
-0.417,51.549,16
-118.057,34.226,17
98.963,18.771,29
-94.61216,48.72606,11.7
-117.24899,33.35513,18
-94.982,74.713,-9
-94.06667,58.74056,10
-7.221,33.655,22
28.086,36.405,19
19.716,41.419,16
-95.91,41.122,23.1
-80.21231,41.62584,11.1
99.818,17.238,30
49.152,30.556,23
-117.01531,46.37458,28.3
-76.349,37.088,17.7
-100.49477,31.35171,27.2
-117.80811,40.90178,27.8
-92.53352,45.14764,15
-122.475,47.149,19.9
-76.86583,40.81929,10
120.56,15.186,31
-106.804,37.464,6
-98.55374,33.10955,23.8
46.352,-15.667,21
-106.6196,46.26949,23
-92.21477,38.81705,17.2
-75.47,5.03,18
-62.72,17.312,26
121.102,22.755,32
-82.87705,39.99068,20
-90.41196,32.30695,21
-166.479,65.33,10
91.385,53.74,10
-71.479,-32.947,6
-64.67861,46.11222,10
-81.69373,30.49529,27.2
-87.39768,37.35815,20.9
51.545,30.701,13
-95.21354,46.45021,14
14.573,45.218,21
103.995,10.169,33
-110.55546,41.82236,18
-94.27235,43.07964,21
-101.09111,53.97139,15
-72.22956,44.8886,13.8
6.364,47.783,14
-97.863,22.29,29
-111.21596,32.41116,33
17.47,-22.481,6
60.901,29.472,24
-57.18528,51.44361,8
114.205,30.783,25
113.987,4.322,29
14.416,62.047,11
-98.90338,48.11358,15.6
9.68,52.466,16
14.669,68.245,9
-81.48267,41.56599,17
118.759,9.742,33
-81.423,30.396,26.7
144.164,43.881,18
10.867,47.834,12
-76.10384,43.1111,9.4
74.478,43.061,13
22.886,47.703,11
127.031,36.962,22.5
-80.68155,28.59875,27.5
-103.66736,39.27331,21.1
-150.994,70.213,0.6
-96.724,17.002,22
-94.0099,36.91046,16
-76.757,39.086,11
-80.55889,28.46739,28.3
-58.448,-51.82,4
-76.87685,39.91942,10
14.152,53.879,17
12.352,45.505,20
-77.44728,38.93485,11.1
103.637,10.582,32
-78.50272,36.79226,14.6
5.76,61.391,9
-132.772,53.316,9
178.559,-18.043,25
-90.21361,51.44639,9
-93.80577,38.78548,18
13.231,-8.858,24
-120.44861,50.7025,24
1.179,41.15,18
-70.99694,48.33056,12
-75.07778,39.36623,10.6
-77.291,1.394,18
-123.325,48.413,14.1
-92.37059,45.82293,15.1
-79.96223,34.71277,20
46.125,28.335,27
-109.63602,32.85654,32.2
-106.32001,38.49716,7
12.216,65.458,10
-67.92,10.154,22
-86.559,34.866,25.6
33.801,27.179,24
19.903,60.125,13
-64.317,48.419,5.9
-90.64422,35.83567,24.4
4.454,50.459,18
-65.203,44.432,9.4
21.092,55.973,12
17.589,59.899,12
-121.85797,39.79875,30
-75.43472,40.65796,10
-161.101,-10.032,32
-96.594,41.241,20.9
11.813,48.348,11
-99.14795,47.45092,17
-77.97994,34.99941,21
-105.38004,42.79599,21.7
130.452,33.584,24
-92.83248,47.3804,11.7
-97.81,27.507,27.2
-113.99611,49.52056,19
-87.18686,30.47797,26.1
-91.7555,33.63602,20.6
-51.144,-29.945,14
-84.95259,42.25238,12.3
-81.86146,26.58396,27.8
-96.81451,37.77534,20
-121.19837,44.10056,26
-109.427,-27.161,23
72.185,21.752,29
-56.113,50.721,1.8
-86.31395,36.19317,22
-89.08093,30.41209,24.4
-51.13,-23.334,18
-66.567,18.011,25
-103.983,41.103,21.9
-72.788,47.415,14.1
8.91,46.004,17
0.516,44.826,14
-107.143,50.951,21.9
-97.90527,48.94017,12
-98.03,49.498,12.5
14.318,46.648,14
8.787,53.047,15
148.575,-32.221,19
-81.867,30.349,26.7
-135.511,59.243,10.6
45.203,54.116,14
148.949,-20.357,23
-75.56369,42.84439,8
-112.098,53.505,24.1
-151.74,68.136,7.2
16.839,64.579,8
-1.193,46.178,20
-95.03037,44.77919,22
-131.7219,55.35917,9.4
116.277,-8.757,30
-119.52091,48.46114,27.8
100.701,4.221,25
-82.896,42.033,12.7
-1.004,41.661,21
-93.82439,32.44729,24
-89.0876,42.19149,23.3
24.805,61.855,14
-158.507,59.04,5.6
-73.678,45.167,14
-75.52692,42.56424,9
-86.56558,35.06029,25
55.425,-21.32,20
27.091,36.801,16
131.737,33.479,21
-91.17349,35.64298,22.8
-122.36561,37.61961,18.3
9.484,42.553,15
-81.131,32.011,25.8
-133.5,68.309,11
-72.733,46.564,14.3
-1.218,40.404,14
16.131,69.307,8
2.763,41.911,13
-120.13712,39.31544,21
-84.94223,32.51626,23.9
-152.107,65.173,12.2
-68.8195,44.7979,11.1
-92.54747,38.10049,17.2
-55.474,-30.97,10
-106.69383,31.87496,29
-89.98641,35.05639,22.2
-95.91241,40.94459,21
22.14,70.487,7
-102.3,48.34,17.7
-102.31998,34.86277,25.9
32.82,23.964,27
-104.52532,48.79116,21
-89.83695,44.35905,17.8
31.044,-24.381,16
-78.165,43.951,8.5
-78.266,45.533,8.9
-95.50445,37.32814,19.4
15.515,60.422,10
-94.80165,46.37846,14
-81.9939,26.91847,25
-88.36553,42.79715,15.2
-84.55499,30.59875,25
51.541,51.151,8
-117.68474,34.11182,22
73.225,22.333,32
-100.194,20.617,20
2.041,49.097,15
-99.40578,31.84148,26
-90.42917,37.76306,21
31.015,52.525,11
-113.50342,37.04441,32.8
75.955,11.137,25
19.913,39.61,18
-74.574,-8.378,24
-95.3967,29.7139,21
-86.09171,33.96862,24
126.451,37.469,23
-96.58989,33.18283,26.7
23.676,46.783,11
-106.427,31.636,31
-98.3574,30.52098,23.9
99.502,18.277,27
-83.8482,33.63122,23
-71.00974,42.36057,12.8
-75.892,35.672,24
-80.09918,26.68511,28.3
140.917,38.14,13
-102.09951,32.03587,22.7
-87.1851,40.94877,19
63.613,39.083,17
-97.1242,34.15076,23.7
-93.1467,30.22163,22
-112.03434,34.72627,30
-78.18381,36.95992,15.3
-96.81834,44.30755,19.4
-100.28391,34.42746,27.2
-1.591,6.715,26
-86.26823,34.39963,22
-164.033,59.935,3.3
-105.965,28.701,30
-110.359,47.285,22.1
35.992,31.973,17
42.483,42.177,14
-79.39212,35.23708,17.8
100.393,6.933,28
-81.34486,36.89443,13.6
-124.50028,49.83417,17
69.281,41.258,18
27.201,61.687,15
10.775,33.875,18
-76.494,37.13216,16.7
-86.6168,39.14315,17.8
12.279,53.916,16
104.119,17.195,32
5.09,47.269,16
-155.897,59.325,4.4
-90.6481,40.51763,23.2
-2.905,58.958,12
-111.17666,32.14176,34
-91.86655,44.89362,17.6
-94.85388,32.14415,23.5
11.283,48.081,11
-76.501,0.505,23
-100.95745,37.03746,21.7
-93.67741,38.35719,18
-49.407,-20.817,22
-97.04846,32.69279,26
-113.89278,52.185,23
-100.89408,46.7648,19
4.526,50.896,18
8.289,40.631,15
-121.85429,38.5803,28
-146.251,61.133,7.2
9.987,44.088,19
-70.083,1.117,24
-42.824,-5.06,27
-104.847,38.748,17.5
6.146,43.094,16
23.616,61.419,13
105.712,10.085,31
-119.30581,46.30859,31.8
1.283,52.676,13
12.71,58.431,12
-104.56767,44.6607,21
-86.94343,34.65799,22.8
12.992,60.158,8
-114.884,49.745,19.3
-83.35856,36.85769,20
17.808,47.627,13
-82.50736,31.54006,22.2
-80.11979,34.40654,21
-97.08532,27.80835,26.2
115.402,-33.688,12
-169.926,-19.079,26
-117.02722,33.73032,23
-98.08298,46.17391,17
8.648,47.399,15
8.286,46.943,14
125.096,6.058,30
-68.20444,49.1325,9
-89.71002,45.19846,14.8
-71.39333,46.79111,12
-124.10478,40.97844,11.1
-64.208,-31.324,8
-95.02225,40.72418,20
-105.54159,44.33983,21.1
-3.622,42.356,15
-92.47194,36.37055,21.7
139.781,35.553,19
121.8,31.146,23
-80.798,28.508,29
-77.56055,39.08264,11
-95.5726,37.09119,19.4
125.295,24.782,29
-79.39611,43.6275,8
-1.533,54.297,10
-85.60975,40.1061,17.5
-79.92064,39.6498,14.4
-75.283,9.334,26
-118.705,39.417,30.6
38.799,8.978,18
6.204,49.626,20
-86.29583,39.82484,18.3
6.115,62.562,10
-103.801,49.695,20.2
114.097,-22.241,22
-98.93358,35.53812,25
-85.78835,30.34869,26.1
22.263,60.514,13
5.942,53.492,13
39.926,43.438,15
13.218,65.784,9
-71.50257,43.20488,12.8
47.158,34.346,9
118.059,5.901,27
-121.15651,44.66534,23
-89.48223,45.63147,13.9
-97.51298,27.77335,26.1
-82.81345,36.19237,19
4.165,48.777,17
-80.3923,37.8633,12
-69.79701,44.3161,11.1
-148.912,63.733,11.1
-112.79972,49.63028,23
-2.331,42.452,16
17.951,40.658,19
144.832,-37.666,15
24.971,70.059,7
167.537,-13.852,30
-43.163,-22.91,22
-97.386,35.415,23.5
-110.11181,34.4577,25
-84.1275,41.61182,14
-119.123,34.124,17.2
55.457,51.795,10
-111.87255,39.73811,26
-104.64226,39.22316,17
-71.143,48.425,15.6
-96.16451,42.98946,19
-17.49,14.741,22
-98.2266,38.34299,20.5
12.136,55.587,13
-69.55425,45.46486,12.2
11.86,50.289,14
-132.825,55.202,9
-92.44453,41.10079,19.4
-108.24361,52.76917,22
166.919,-0.547,32
-83.00898,42.40725,12.2
-85.95235,37.03368,22.1
-86.6504,46.41204,11.7
-97.908,29.566,26.3
12.194,45.648,18
-118.28572,46.09457,28.3
-46.638,-23.509,16
8.08,66.03,9
-103.74688,48.25421,21.1
74.837,32.689,29
-110.95637,32.13153,32.8
-82.83534,42.60452,13
32.479,34.715,17
-107.91878,48.36858,24
-94.92787,47.50764,12.6
-95.36584,35.65765,21.7
-76.202,39.566,9.7
-94.8012,35.4381,22
130.302,33.15,25
47.58,24.07,25
-92.68696,30.74694,21
-94.71056,56.3575,12
-101.57705,47.28799,20
-60.993,14.021,26
-121.759,49.244,19.9
-95.21011,43.16823,20.6
46.397,33.588,17
26.354,47.686,14
-122.898,46.118,17.8
74.89,12.961,24
-71.75699,42.55494,13.9
-70.28527,44.04445,10
-157.924,21.31505,27.8
-96.21395,43.62166,20
-125.959,54.383,11.9
-95.012,36.543,19
-82.518,33.52786,21
-76.281,36.937,17.8
-90.12603,46.53214,13.9
-80.82113,36.76374,13
128.114,-30.848,13
-124.05745,44.58245,12
5.07,36.712,14
109.404,-0.151,28
-78.84602,36.70867,13.8
-66.53722,45.86889,12
169.771,-20.249,27
-85.89404,39.84017,17.1
-111.16152,45.7876,18.3
-5.32,35.594,19
20.235,47.123,16
68.55,43.311,19
109.219,11.998,33
-69.93538,43.88479,9
-97.34786,36.74307,21
-70.26974,41.6719,12.2
-89.8582,37.8749,20.9
-114.09376,46.92076,23.9
-61.532,16.265,25
-93.39554,48.55943,12.2
-104.33185,37.26178,22.8
-92.89837,40.6832,21
-78.07223,33.9292,25
-94.31152,36.28975,17.8
-149.962,61.179,7.2
-98.319,49.4,11.5
30.297,54.44,11
123.485,41.639,23
-107.49982,41.03701,19.1
-112.051,49.133,22.3
-97.523,25.77,28
110.445,19.934,31
-110.73663,43.61294,17.8
-160.34,61.538,8.3
85.207,56.381,1
-87.15424,37.22909,22
-93.3262,43.15426,18.9
-121.45358,43.88014,22
4.025,46.412,12
69.805,37.988,18
-166.262,60.376,3
-101.26895,48.25205,17.2
18.241,45.991,16
-80.43468,25.64227,27.8
-4.536,53.252,12
-76.8654,38.82148,13
71.515,33.996,26
-112.368,33.428,35
-72.509,7.93,27
-3.451,40.489,17
39.606,-4.015,24
29.459,-23.845,10
104.38,52.273,8
-87.639,45.126,11.1
-81.118,33.94224,21.7
25.713,43.151,15
126.383,34.991,23
10.393,43.684,17
-114.47745,42.47848,27.2
-76.718,37.24,16.2
-112.38,33.538,35.3
101.714,2.747,30
-85.2602,39.34629,18
-110.887,32.165,33.6
-94.15402,31.8277,21
10.932,48.425,11
141.372,40.705,18
1.907,58.367,11
34.395,27.977,25
-79.47374,36.04751,13.9
5.887,52.061,14
-82.75635,27.97408,27
-112.677,51.445,25.3
-82.22044,39.21288,21
100.062,9.548,31
7.415,47.179,12
-62.576,46.45,7.1
-89.59311,42.61959,22.2
-146.317,59.442,6
-88.344,49.154,7.7
-80.385,-3.551,27
57.303,37.488,12
-118.57017,40.06845,30.6
-120.5179,37.28597,30
-71.87312,42.27056,11.1
-118.336,33.803,17
-110.5642,37.4395,28.9
66.974,39.7,14
-147.99474,60.07855,10.7
-81.577,39.976,20.1
23.47,47.658,10
41.117,37.93,15
145.72,15.116,30.6
-94.16375,41.8278,21.1
76.019,39.542,22
-116.787,34.85371,33.3
2.07,41.293,20
-76.718,7.817,25
-77.029,34.694,23.9
-76.90159,37.86064,14.8
-78.24874,38.9169,11.3
103.103,5.383,28
35.52,40.826,12
-85.577,30.071,27
44.955,41.669,15
-79.10351,35.57624,15.7
-89.89694,53.81778,11
-75.59,6.221,24
-86.24881,40.03453,17
-96.11305,41.1981,22
-96.109,41.415,21.5
-93.9005,40.63064,18.3
16.638,59.595,13
-88.70658,41.93385,18.6
-97.43,37.64752,22.2
-72.28696,42.56998,11.1
0.815,45.196,14
-66.655,49.109,8.2
-95.3358,41.58415,21
-96.99182,45.669,18.9
-80.22391,39.30217,20.6
-0.503,53.031,13
-64.207,50.221,4.8
101.743,6.52,27
-123.046,48.783,16.6
-79.8567,33.71865,22
9.464,24.286,23
-100.473,29.117,29.1
-97.81705,32.44688,26
-87.64844,39.0136,20
6.712,0.378,29
-121.681,51.265,18
-94.03318,30.89039,21
-77.178,35.862,21
-69.533,46.616,10.3
-105.05034,40.01168,23.1
1.476,35.345,12
77.154,31.876,14
-60.782,-32.918,6
-69.984,18.577,24
-100.55141,42.85854,22.2
28.151,61.044,12
-87.425,44.847,13.3
38.731,31.693,16
-85.59327,41.95911,14
39.534,52.702,14
124.926,1.541,32
-106.37438,40.05631,17
-93.75924,42.74305,20
-82.45177,27.91525,29.1
122.063,6.92,29
102.319,12.275,29
-96.94452,35.36109,23.5
-77.007,39.61,11
50.163,53.509,16
-17.211,28.032,19
90.4,23.846,30
118.131,24.546,30
125.682,43.993,20
-89.22321,37.06389,21.2
-66.26,50.217,4.9
-115.78667,54.14389,24
-151.242,60.579,7.8
-84.584,36.4553,22
-96.189,19.144,30
-89.39289,35.20611,24
-106.97413,44.76031,21.1
-111.03054,41.27268,18.3
24.714,42.289,15.1
-71.57569,41.16682,10.6
-103.60113,41.87467,23.3
15.654,38.072,21
-97.13,49.889,10.7
-83.73688,36.6087,20.5
-77.05004,35.57028,22.1
-95.77468,39.90527,20.1
-122.7594,47.49416,19.4
25.479,36.399,19
-81.68293,24.58008,28.3
-94.583,18.098,31
144.193,43.041,12
-96.83542,32.96341,27
-119.291,50.703,23.2
47.479,-18.797,12
27.673,64.283,9
-88.27547,40.0324,22.2
-77.796,24.689,27
0.091,49.533,15
-107.476,24.766,32
103.67,1.641,26
66.611,66.591,4
-158.0752,64.7304,11.1
-66.991,10.603,27
3.81,55.399,13
-97.64456,38.77999,22.2
-89.25608,31.2648,23.9
-158.526,58.837,5.6
-83.27393,30.77629,24
113.307,23.392,31
-74.009,40.701,11
130.992,30.605,22
-74.81587,40.27681,10
-122.69,49.208,18.3
-120.75702,38.72221,23
-79.14208,38.99473,12.4
-80.31692,25.78806,27.8
-86.18641,41.06506,16
125.646,7.125,30
104.532,0.923,30
-76.68402,39.17329,11.7
-97.8268,33.17289,24.5
61.503,55.306,16
-122.92238,40.74599,28
107.443,51.808,8
42.586,16.901,31
-117.77946,34.09283,23
36.567,41.255,16
-0.624,35.623,19
13.922,44.894,18
-84.85071,34.11585,21
-93.20238,39.09301,18
-79.30667,44.97639,9
-97.65077,39.55129,22.8
-123.303,49.106,15.5
-122.93685,48.48539,13.4
120.532,18.178,32
-1.758,52.46,12
-97.308,32.558,24.7
-10.362,6.234,24
-80.07837,35.01943,17.6
73.896,24.618,29
-77.8951,35.85022,17.8
-110.928,27.964,28
115.167,-8.748,30
-4.168,47.975,17
17.933,59.356,14
-107.38,39.426,8
-0.945,51.239,16
-80.0407,32.89945,26.1
-2.643,51.006,12
-99.62169,48.88206,13
-103.26109,40.61332,22
29.236,65.992,9
21.896,47.036,16
33.781,-13.789,14
140.689,40.733,12
-113.606,53.307,23.9
-110.364,24.077,30
177.443,-17.755,27
-104.842,21.418,27
-81.357,19.294,29
-89.89045,34.36555,20
-97.6258,40.89417,21
141.381,43.117,14
12.848,56.294,12
-108.69554,32.33403,28
-170.721,-14.337,29.8
-130.698,54.58,10.3
138.52,-34.952,16
-104.5684,38.94392,18.1
-89.01181,37.75439,20.2
37.415,55.973,11
106.667,10.817,30
-109.0529,41.59466,20
-122.25478,40.15187,28.3
-87.18809,45.13483,9.7
-99.31786,39.73433,21
-109.936,22.948,29
-117.98561,33.87154,21.1
-94.87274,45.9017,14
-6.316,32.403,22
-117.27651,33.12993,17.8
-159.991,66.599,10.6
0.561,52.409,13.9
21.842,40.288,15
-71.69139,45.43861,13
-117.679,47.612,24.5
-94.488,36.19414,16.7
-118.49145,34.21214,22.2
114.056,62.538,4
-94.29764,32.18001,23.7
-76.44772,37.6024,15.9
-86.295,48.588,10.3
4.861,44.144,16
21.097,56.517,12
-5.917,35.727,22
-121.62667,55.68722,12
-93.37671,30.13502,22
-80.27121,39.00103,20
-157.349,1.988,29
8.838,44.413,21
113.596,22.141,30
-116.13256,45.9411,22
-80.01337,36.6272,12.5
-1.65,42.777,15
-92.08263,29.97604,21.8
-107.52398,40.49297,19.4
-112.5303,37.00783,26
-77.45235,38.39413,14
-103.097,41.208,23.9
0.033,51.33,14
-114.881,49.834,19
-91.90556,50.11361,10
2.545,58.835,11
-105.26194,55.15139,18
-72.88912,41.259,10.6
-86.36735,40.71271,18
-113.09697,37.70672,25.6
-87.934,15.442,29
-87.67611,56.01889,13
-80.28512,40.13625,15
-85.84019,35.69914,22
-1.569,51.139,13
-87.52823,41.54125,13.5
-106.27538,40.74542,13
2.033,61.033,10
26.102,44.572,15
-159.05,58.986,5
-74.28285,40.87645,9.4
-7.282,62.065,9
-96.675,35.271,22
133.239,35.493,21
-119.68591,45.45511,26
39.15,45.033,16
-80.7,40.359,16
-118.08309,34.62945,26.7
-75.46623,37.93717,14.4
-79.05899,34.60817,21.1
-81.64134,34.30617,21
-90.37341,38.75245,22.2
-64.226,50.271,5.3
14.507,58.514,11
-7.66,33.557,26
-102.80168,42.05732,22.8
-88.10954,37.33437,19.6
-92.174,43.677,19
-87.17778,35.55787,24
-79.935,43.17361,7
58.371,37.975,19
-71.12559,42.71248,11.7
-94.94709,32.70364,24.2
-85.46893,38.75151,20
-90.91843,46.54676,9.4
-71.17325,42.19123,13.3
-123.00104,44.90489,23.3
-67.077,-17.962,5
-151.053,60.476,8
-98.84969,29.34304,26
-91.72459,41.8829,20.6
98.587,9.773,27
71.304,42.854,12
-118.44713,34.02099,17.8
-122.65421,45.62102,22.2
125.145,24.827,30
27.025,39.559,17
128.089,-3.71,27
-108.22931,36.74355,26.7
115.976,-31.927,12
-83.65294,32.68887,23.9
-119.87306,39.66579,24
-103.20172,31.7801,31.1
-104.01173,30.37065,23.9
-84.89387,31.40001,22
-9.687,31.406,27
-78.73564,35.37941,17.8
-76.38315,43.35037,9.4
-110.84655,31.42077,28.9
-75.76475,40.81155,10
127.768,26.356,27.5
-85.20039,35.03363,25.6
-98.19748,31.10591,25
78.468,17.453,27
-64.293,49.839,7.2
-93.264,45.557,15.2
-68.515,70.484,-3
-101.07611,56.86389,16
11.57,64.471,10
6.251,48.982,18
2.384,48.717,17
-91.42744,40.46148,22
-145.4588,62.15916,10
-83.76565,32.5072,22
-89.66547,41.74321,23.3
9.52,54.457,14
15.466,78.246,3
-67.897,-9.867,21
179.198,-8.523,32
-120.18306,55.74222,14
-95.09556,35.29134,23
167.22,-15.505,29
-112.68842,33.41777,34
37.279,31.412,16
-75.39563,43.22417,9.4
-117.19716,39.46434,23.2
-156.656,58.683,4.4
-103.3799,44.4284,21
-93.03205,44.86005,16.7
-98.268,29.537,25.9
0.593,44.176,16
77.078,52.202,13
-91.12118,43.01937,18
-97.86644,29.89584,25.6
-88.38706,36.33218,22
65.593,44.707,13
-73.086,-39.65,8
-88.593,33.456,22.2
6.309,35.752,12
-49.054,-22.345,20
-73.9692,40.779,10
-97.39008,37.32513,20.6
-0.316,45.665,19
-78.04043,35.22111,19.6
-91.88454,30.02915,21.1
-103.05444,44.04583,21.7
-96.98302,42.24229,18.4
-120.64537,38.14449,25.8
-111.78842,34.84674,27
-100.7514,36.41032,22.6
32.3,36.299,15
-122.955,50.129,18
47.662,30.549,27
21.26,-28.399,11
-109.514,49.64,16
-54.789,-2.423,24
-101.233,52.115,12.4
-61.003,14.591,26
-110.801,47.281,21.3
-72.774,45.373,15.2
-149.09172,61.59505,10
-83.8717,35.96576,22
56.324,25.112,29
5.427,47.044,17
18.81,45.463,11
-86.81833,41.70478,13
-99.95194,49.91,14
140.386,35.765,20
4.416,43.757,16
139.36,34.782,18
-102.21266,30.04816,26.1
-77.1653,39.16956,10.6
15.526,58.398,12
-87.8178,42.75857,10.6
-86.44599,38.83835,20
-105.514,39.05,10
50.045,36.243,11
6.032,50.964,17
-110.0725,53.30917,21
-81.1987,34.79076,18
-84.02141,40.70807,16.7
-97.43351,41.97988,15
24.765,-28.803,9
-80.64406,40.16994,15.6
-70.015,12.501,28
-8.887,39.831,16
-43.719,-22.932,21
-81.79687,37.06344,15.9
-95.76042,41.26114,21
-87.75515,41.78412,15
-89.2108,46.15145,14.3
76.402,10.152,25
-110.64673,32.63404,31
29.698,70.601,6
-119.60222,49.4625,26
-82.3989,36.47966,20
-105.00972,40.44272,22.2
-97.459,20.601,28
-95.21453,31.86896,21.4
-98.39711,48.75186,12
-84.5853,41.9197,13
-96.01295,36.7664,21.1
-121.56883,39.10204,29.4
21.31,45.147,14
-103.312,20.523,30
-92.55849,31.33464,22.8
103.95,30.576,25
-137.581,60.773,10.1
-111.33464,32.51473,33
-48.651,-26.88,17
-121.79,36.93937,16.1
-80.83501,28.61947,28
-4.34,53.104,11
-79.94316,36.0969,12.8
43.774,26.303,30
-123.21562,44.13313,23.3
6.782,33.513,25
-89.727,33.469,20.1
-84.7929,45.56441,8.9
29.898,69.725,8
-97.02195,32.89744,27.2
-98.67018,35.54836,24.5
-111.929,60.026,22
-85.3061,36.41643,21
141.693,42.774,15
-80.20591,33.58821,20
139.349,35.749,16.9
118.632,-20.372,20
-78.07694,58.47194,3
-76.65659,34.73258,22.8
12.506,50.982,14
33.617,34.874,15
14.645,-22.98,11
-87.216,14.06,29
106.801,26.538,27
-121.22639,37.88998,26.1
-122.28526,47.10048,20
26.91,46.522,13
-163.41,64.688,9.4
2.163,47.897,14
-82.17681,36.37111,19
-82.7929,44.0217,7.2
-98.94887,41.62341,13.3
23.556,38.064,19
6.104,61.829,11
39.166,21.685,28
-74.84074,39.94075,11.1
-81.936,35.43,16
-85.7998,39.58545,18.3
-2.275,53.354,11
5.413,31.917,25
-82.52012,40.32681,17
137.923,36.167,18
-85.66294,38.23021,21.7
101.725,17.445,26
-122.28308,47.92323,15
-118.88722,55.18194,14
10.268,45.432,17
2.289,43.556,18
5.883,45.637,15
-122.359,69.199,-6.9
-96.768,35.949,22
13.615,45.473,15
-87.85371,41.0687,20.3
-85.39356,40.23451,17.2
-70.571,19.759,26
-133.502,68.746,2.4
63.553,53.215,17
21.264,46.176,14
8.392,46.972,14
-7.59,33.367,20
8.081,48.779,16
-3.324,57.711,14
131.79,34.676,20
3.794,32.384,23
-92.1,62.811,5
-94.36104,41.01885,20
-1.125,44.533,16
-35.248,-5.911,24
-75.37706,41.13684,6.1
18.158,-32.972,12
-0.317,47.562,17
-86.73334,41.57049,16
15.681,58.406,12
72.791,40.61,16
-128.57833,54.46861,8
-154.323,60.198,6
-120.07612,34.60595,20
-85.43762,41.81536,14
-117.32142,47.68575,26.1
-73.14989,44.46825,17.8
-8.479,51.848,10
-114.12743,46.25755,23
-119.76828,39.50768,27.2
-93.68761,41.04719,19.1
-93.608,45.556,15.1
-114.448,62.475,15
-82.64543,31.87923,21.8
-74.41636,40.79893,10
2.873,42.737,17
-95.46324,29.11537,22.2
-89.805,45.469,14.6
-121.95854,38.37752,23.9
-97.18293,47.94282,16.7
-85.07173,33.0093,21
7.06,50.175,19
43.115,40.562,5
-0.368,51.875,14
-95.55379,42.73044,20
18.111,49.696,11
-97.68854,31.08396,26.7
-79.36829,34.79132,19.4
-84.52665,33.91892,22
-81.78111,27.94715,24
20.587,43.818,18
-86.00004,41.72218,15.5
26.425,40.14,17
-96.62071,30.8693,22
-72.019,44.42,15
-81.96638,32.89135,21.2
-83.44276,43.46243,10
-96.984,50.631,9.1
-69.667,18.433,24
-83.21467,36.65764,18
47.347,56.09,17
-80.15085,35.41733,15.5
-98.724,28.236,28.9
5.522,52.456,14
29.696,30.918,17
-79.89017,34.44738,22
-121.49806,49.36833,20
-123.305,48.457,16.7
-93.06899,34.09532,21.1
-82.64134,37.74891,21
-3.955,57.825,13
-95.78102,43.99055,19.1
-104.005,53.333,19.5
11.534,48.716,13
-104.26135,46.35205,21.7
-88.2649,28.3426,28
-75.48939,40.57044,10
-97.071,31.637,27
-2.733,42.872,13
-111.448,52.074,21.1
-92.131,34.92,22
11.839,49.216,12.9
7.731,45.033,21
-101.723,34.169,24.2
-65.098,-24.387,11
116.051,5.937,30
-93.87249,42.43716,20
-83.27116,31.68401,22.7
27.146,35.421,17
-134.55607,58.354,9.4
-89.063,33.15,20
46.318,40.738,16
-5.306,35.893,20
-95.62,28.314,24
-105.88336,46.42648,23.9
-127.471,52.187,10.6
103.876,2.387,26
-109.38006,34.51839,27.2
-83.07824,40.07844,18.9
69.183,54.775,11
75.812,26.824,32
-68.141,-38.95,6
-90.10144,32.43846,20
47.652,42.817,14
-84.53457,40.20558,16
5.222,60.29,9
-106.90371,34.02631,28.2
-90.18754,44.63792,15.6
-97.68827,38.34912,22.4
15.682,46.48,13
-103.80702,40.33148,24
-93.22441,42.71754,18
-98.5184,28.9561,26.1
47.969,29.227,25
-87.68186,44.13218,12.2
-73.09968,44.94112,17.5
-14.409,65.275,8
8.329,50.048,15.8
43.859,40.75,5
-2.665,52.795,9
-80.94908,29.05684,28
-86.64416,38.5034,19
16.835,52.417,11
15.74,50.016,12
-106.9674,32.99,29
-86.04783,39.93604,18.3
-87.022,30.728,23.3
-89.056,13.438,29
-97.86075,38.06825,22.2
6.142,51.602,16
-89.83318,35.93778,23.3
98.874,3.636,26
-162.73231,55.22069,6.7
-84.21,39.078,18.8
-97.42314,25.91459,28.3
-122.28041,38.2075,17.2
-85.655,31.348,26.1
102.786,16.462,30
-87.95679,37.54318,21.1
78.445,45.121,9
28.223,-25.83,10
10.143,54.376,16
-100.78467,29.36656,30.2
-4.976,33.929,21
101.147,5.788,25
-155.577,61.101,4.5
-94.36306,49.78833,9
-95.40391,31.3097,21
-86.31193,31.04473,23.9
-109.031,47.059,21.1
-89.08996,38.50953,20
4.781,52.927,12
-72.648,-38.925,9
-90.0367,36.22256,21
77.027,43.35,12
-62.681,45.764,8
-112.19697,35.30156,22
14.292,40.885,20
115.879,-32.101,14
-111.221,56.649,18
-80.67892,37.13366,11.6
78.429,17.233,25
-107.26848,33.23686,29.4
43.878,39.977,16
-88.5582,43.96695,17.8
-84.16351,36.33513,22
-68.054,46.697,9.4
-1.39,54.205,9
-84.2336,36.023,23.3
-81.44342,40.91811,17.8
129.713,28.431,26
6.953,43.544,17
-71.80553,41.35093,10
24.579,65.784,11
-4.439,48.279,15
-0.558,38.282,18
-93.21273,45.1426,18
-101.0275,35.8913,22
-112.42233,34.64914,26.1
88.329,26.681,25
8.877,36.98,12
151.843,7.462,29.9
-158.374,56.312,7
-98.80931,38.87252,22.8
-84.87656,32.84206,22
77.663,12.949,23
16.242,38.908,15
-75.95925,40.37344,11.1
13.579,60.02,6
-102.37514,33.55601,28
22.025,50.112,12
-68.308,-54.844,5
-64.543,18.445,27
-105.22737,40.03771,21
-74.231,11.12,31
-94.62017,35.01868,22
-93.36078,41.01846,19
-3.434,51.406,11
-84.47727,46.2531,11.1
-63.001,-40.867,9
-114.561067,35.14871,36
-107.924,51.565,23.7
-80.63559,28.09969,27.8
-95.28214,29.64582,22.2
-80.618,51.292,15.4
95.978,21.702,29
-151.752,-16.445,30
-97.83228,31.07789,27.2
0.939,50.956,14
12.472,65.961,9
-122.69349,40.98449,25
-87.30922,33.90076,22
24.473,58.419,12
21.077,64.625,13
-160.398,59.051,3
9.511,47.671,13
-78.31679,40.29991,9.4
41.686,27.438,29
-83.178,42.543,12
-79.65749,39.95815,12.8
-76.382,3.543,25
15.761,-12.809,15
-76.221,-13.744,20
-78.619,-0.921,11
-101.69322,39.36729,21.7
76.919,8.484,26
-93.9896,45.23539,15.7
-149.613,70.331,-2
-119.45254,36.66911,31.7
-3.563,57.646,14
-81.6421,34.68494,18
58.298,23.595,37
-94.89024,38.82213,20
-81.6515,36.1988,13
0.957,52.124,14
65.324,57.19,11
-84.77528,39.25653,19
-16.342,28.483,15
-93.15658,36.26728,18.3
-81.38223,35.74203,13.9
-93.74498,32.54293,24.4
-73.061,-40.605,10
-70.158,-15.467,8
-88.03432,43.10954,11
-161.842,59.751,3.9
-71.201,-29.918,10
-90.584,30.086,21.4
-123.3875,48.42278,15
-76.17161,36.25715,21.1
-103.68034,30.38513,23.2
120.271,14.794,33
-5.52,33.875,21
-5.893,37.418,23
-81.51276,30.33708,26.1
-99.954,44.989,18
-83.777,39.43084,19.4
85.818,20.244,31
-0.19,51.148,15
-0.435,53.876,11
106.891,-6.267,26
-86.37236,32.38768,22.5
7.33,46.219,16
-166.101,68.873,1.3
-93.57794,34.54665,20.6
-76.992,3.82,26
-95.71158,44.96748,17
12.656,55.618,15
100.607,13.913,31
-157.325,59.451,6
7.33,52.725,15
38.15,55.553,10
-119.99618,38.89838,19.4
-74.29703,39.92348,11.1
-71.583,-16.341,16
-68.01723,46.87048,13.9
-87.349,34.66,21
-84.9322,35.48172,23
33.817,31.041,17
-98.02506,27.74131,26.1
-135.448,58.108,8.3
98.308,8.105,30
11.941,49.696,13.4
-165.089,60.537,3
-155.463,64.731,8.9
-93.56951,41.68783,18
145.745,-16.874,26
-100.88223,38.47822,21.2
95.42,5.524,28
-1.775,4.896,26
27.477,-21.159,9
-98.11,47.424,16
-105.162,48.134,23
-64.28,-36.593,8
-84.91299,45.42412,10
-108.79,44.86412,21
-112.55455,45.2584,22.8
-76.7725,40.1962,10
-104.35848,29.63459,28.6
-101.50515,36.68186,19.4
9.263,45.461,20
-90.08945,33.49611,20.6
54.375,27.67,22
138.189,34.796,22
19.252,42.359,23
-0.812,37.775,16
-79.12587,33.82555,23
119.554,-5.062,29
-109.481,37.587,23
-94.70807,31.58089,22
-130.011,58.429,3.7
-13.863,28.445,20
-119.37778,49.95611,24
-89.82237,30.34356,22.8
-68.69245,45.64776,12.8
102.293,6.167,27
-74.884,5.213,28
-78.36275,34.97523,20.7
-109.18056,51.51528,23
-84.80045,35.20704,24
-84.18,44.24344,8.9
-16.561,28.047,20
-79.4,43.183,7.6
-1.75,51.153,12
-82.53317,42.9103,11
-88.48719,33.87555,21
-75.60566,39.67443,11.1
-94.71396,32.39094,25
-92.7944,28.2198,22
-95.903,29.806,22
2.68,48.611,15
-89.45538,30.3765,23
-96.94778,29.90637,22.2
-97.82554,35.49706,22
9.958,49.398,14
-71.51411,42.77979,13.9
-84.52061,39.3612,18.3
6.14,31.673,23
-49.72,-3.786,26
-81.24355,28.77952,27.8
-81.27101,32.99408,21
54.651,24.433,25
-82.3415,28.0198,23.9
6.042,54.037,12
-91.98957,30.19859,21.7
-118.052002,36.588299,28
16.935,40.766,17
11.787,46.298,10
-0.562,52.962,14
25.918,-24.555,10
106.727,20.823,33
-122.77095,45.24656,23.9
-160.439,66.975,11.1
129.928,28.321,26
-82.434,8.391,27
-86.78177,33.17835,20.6
31.13,-29.602,18
24.801,59.413,13
-82.35005,34.84872,16.1
28.945,61.943,15
-79.25415,42.15344,8.3
102.313,14.95,28
-70.05892,41.25407,11.1
-92.42438,39.46397,17
-158.07,21.312,27.2
-116.462,53.583,20.8
102.252,2.263,26
-98.11741,28.36559,26
29.611,62.66,13
-123.93079,46.97288,13.9
-85.89259,39.26645,20
-102.567,50.366,16.2
-161.217,64.367,8.9
-95.58929,40.07912,21.7
55.366,25.254,26
21.333,45.811,15
-148.48,70.191,-1.1
-114.9009,47.4718,26
48.424,38.326,7
-103.995,41.511,21.7
-76.48909,38.99128,13.3
-91.81827,46.31533,12
28.246,-26.139,10
-84.275,33.227,21
-99.81918,28.52044,27
-107.89813,38.50538,23.3
-66.795,-29.383,10
1.222,49.025,17
-111.246,65.756,1.8
-84.38078,35.54295,24
-80.367,45.033,7.3
-106.219,38.799,13
-95.54012,34.03082,22
45.281,-12.805,25
68.865,37.866,17
-90.43291,38.93044,22.2
36.59,50.644,14
-114.77722,55.29306,12
-81.9589,34.91057,16
-85.26892,45.30395,12
-97.022,52.36,8.5
-104.50817,33.30736,30.6
-94.1624,36.01026,18.9
-66.434,50.162,6.5
-88.2889,28.5208,27
-91.5702,28.4971,23
51.829,47.122,14
-82.40138,31.24659,22.5
-101.8233,33.66578,27.8
-61.77806,47.42472,5
-161.321,61.78,5.6
21.03,42.576,14
20.761,38.921,18
13.36,43.617,14
-115.78634,40.82402,25
-94.37117,38.95766,20.6
-116.83324,47.77187,25
-93.38995,37.23982,17.2
-96.33475,30.71705,20.8
-85.18351,30.83696,26.1
-118.9579,43.59486,27.2
-89.67102,44.77947,16
-63.12111,46.29,8
-102.7731,47.3941,19
15.448,-4.387,26
-86.924,45.388,10.6
-4.399,31.946,27
-80.3775,43.45889,7
-87.621,14.382,31
-83.0209,39.44023,20
-0.862,9.554,28
40.712,64.599,7
-92.48439,44.59265,17
-85.9,31.299,23
7.51,47.614,14
-122.40984,45.55098,22.8
-72.30537,43.62707,15
-75.763,37.646,13.8
10.255,59.184,12
132.89,35.414,22
-117.59613,33.89556,22.8
132.236,34.144,23.3
20.642,52.452,11
100.162,18.129,27
-113.93406,35.25746,28.9
-38.533,-3.776,26
-76.90316,36.69837,17.5
153.505,-28.168,22
50.83,30.336,18
2.15,61.45,11
-78.63544,41.79836,6.7
-110.94429,42.71392,17
-90.98467,33.47723,20.6
20.144,65.875,11
-114.7145,33.61876,34.4
-155.04897,19.71909,25.6
3.205,56.535,12
146.766,-19.248,26
-95.70478,31.77841,22
-177.382,28.206,26.1
8.111,33.94,23
-117.244,33.878,25.6
-117.00813,44.01425,30.6
72.742,21.114,30
-88.203,34.494,23.5
32.988,34.59,18
-78.36306,44.23056,9
-135.88,63.616,7
-97.27496,38.06206,21.1
-84.035,39.837,20.6
36.283,36.361,18
-84.33123,33.39158,22.4
-74.567,39.45204,11.7
-149.85,61.215,6.7
-77.62507,40.67677,9
-97.07922,37.67292,20
-166.328,65.242,7.8
9.06,39.243,16
-107.553,53.368,20.5
-113.278,49.2,20.5
-83.47671,41.56327,14.4
-95.48461,37.67049,18.9
-94.86422,29.27037,23.3
-139.671,59.512,7.2
14.489,63.199,9
-89.327,48.369,7.6
-62.484,44.984,4.9
-80.35819,34.0003,22
-97.68782,27.77807,25.5
-53.975,48.557,2.1
-91.54455,41.6394,22.8
-74.73627,41.0093,9.4
6.089,33.068,23
-72.052,-50.284,2
14.477,46.218,11
-123.00592,43.93238,23
-81.85192,41.40568,16.1
-105.29,36.422,17.5
-103.791,34.29,24
-110.164,47.096,20.6
-1.512,12.356,32
32.749,68.781,8
-97.64724,35.54113,24.4
-86.41516,42.12897,15
-1.534,43.469,18
-106.94185,38.53225,19.4
12.296,44.441,17
-90.05477,35.20036,22.8
-88.11292,45.8134,12.8
10.783,59.381,13
-161.146,65.979,10
-43.896,-19.662,19
24.957,60.327,12
-88.98776,36.3778,22
-162.272,64.616,9.4
-119.5155,47.30777,28.3
-81.2023,32.13133,26.1
73.422,61.342,4
14.749,55.068,15
-118.63136,38.54482,29
33.64,-16.108,18
-77.85739,38.52607,13.5
-81.42056,36.43124,12
-120.514,49.468,20.9
-105.538,50.332,21.1
-103.78794,44.48114,17
-84.25324,39.46638,19
-80.60778,51.29111,17
-81.1119,34.31511,19
14.188,48.233,14
-110.70408,38.41798,27
-103.25667,47.79544,20
20.938,53.482,7
-1.125,37.803,17
-95.08042,44.54827,18.9
-102.40422,48.30184,17
-83.037,41.296,15
-92.91634,42.11061,18.3
-123.42583,48.64694,17
-54.56806,48.93694,4
67.318,37.287,20
-120.57422,40.37599,27
-4.998,50.438,10
79.543,13.633,31
-54.488,-25.595,14
-84.44223,33.62972,23.3
7.649,45.203,19
-109.02678,44.51999,22.2
-98.12161,27.20643,26
173.147,1.381,31
-58.643,-34.676,10
-3.025,34.993,18
-77.50807,37.18033,15.5
-109.30904,34.12918,22
-70.81266,43.06769,11.8
-97.919,36.338,23.8
-72.65115,41.7352,11.1
-99.99844,42.5748,19.4
-77.12006,43.23553,9
-88.832,32.792,21.1
17.299,44.937,11
139.787,38.812,14
17.84,43.285,19
-113.85444,53.6675,23
8.598,50.045,15
22.509,58.23,13
-76.528,64.23,-2
-58.536,-34.822,8
-98.22274,44.37917,21.1
17.832,48.613,13
42.798,18.301,20
-112.86831,46.15163,20.5
-70.774,-27.262,12
-75.36247,38.68976,12.8
-91.76468,38.13178,16.7
-87.473,15.776,29
8.11,46.743,14
129.914,32.917,23
0.139,52.873,14
-82.41,22.991,26
-94.05165,45.54415,16.1
32.573,-25.921,20
-74.09988,41.50447,9
-104.50764,36.74178,21.7
-47.965,-19.765,22
27.155,38.285,16
-93.2277,30.12551,21.1
-71.76,6.451,25
-1.734,48.069,15
-61.049,46.547,2.9
-102.96583,49.21028,19
-102.38741,31.92498,22.8
-101.89,48.41,16.5
-125.27306,49.95194,19
4.938,45.726,15
-76.92173,41.24296,8.9
-120.53135,47.03376,23.3
-111.85188,41.7865,25.6
-92.4919,41.22729,21.9
-80.85316,34.72659,19
-94.40156,34.04799,21.7
-73.435,45.809,16.4
4.342,51.448,14
2.512,27.251,28
-83.46496,39.93123,18
47.121,17.467,30
-89.12496,32.79746,20
-34.951,-7.148,24
-82.15933,28.00129,23.5
-58.254,6.499,26
-117.305,49.491,24.6
-96.65448,46.84038,16
-71.55217,44.36594,13.9
-70.30441,43.64244,10.6
-88.30803,42.69085,15.1
-101.59,48.76,17.5
100.398,6.19,25
-96.67144,33.72307,23
-98.51222,58.70611,16
-111.72524,40.22403,27.2
-120.95492,37.62544,28.3
-123.02642,48.51997,16.1
-123.05848,44.63939,24
-61.775,47.425,5
-0.482,39.489,16
81.125,6.287,26
-75.86046,39.9773,9.2
-103.29581,48.92476,19
-89.24532,37.7833,20
18.602,-33.965,14
-103.15366,36.44834,15
-121.582,50.224,24
-83.593,32.639,23
141.802,45.404,17
-95.95139,35.67133,21.8
9.988,53.633,18
-97.436,32.781,26.7
-68.30716,47.2852,16.1
-3.785,40.371,21
8.077,58.2,11
-76.463,35.022,22.8
-71.92944,61.58861,-1
-146.29,70.136,-2.3
-83.57311,30.07188,26.2
23.143,63.721,13
-88.13704,44.47959,15
-87.93833,42.59529,11.7
-117.20983,32.69217,18.9
-119.23871,35.74491,31.5
27.514,42.569,17
-104.5057,38.28868,26.1
35.018,29.612,23
-88.13263,43.42253,13
-76.56679,36.02859,22.4
-91.67455,41.27495,22
-7.931,38.073,20
-118.03,52.926,14.6
-79.17167,43.19167,10
-93.8486,42.04857,20
22.971,40.52,17
-122.36056,49.02528,18
-120.56149,41.48362,26.1
-95.96594,45.56774,16
96.134,27.941,24
-8.624,42.239,20
-85.02481,29.72681,26.7
12.585,41.808,19
-70.61591,41.39297,12.2
-71.29463,42.46812,12.8
-79.109,-8.087,22
-104.80813,41.15788,19.4
-100.162,40.307,16
132.919,34.436,22
-88.54486,37.8128,21.1
5.108,43.604,15
3.395,56.278,12
2.113,49.454,15
-60.42583,53.31917,9
-78.52889,36.36352,13.6
-121.59479,38.70069,26.7
-77.80278,49.76167,16
-103.21459,40.17429,22.8
-102.318,21.702,29
-77.48497,36.68582,16.5
-90.07777,32.31981,21.7
-72.26556,48.52,11
-103.61511,43.7331,17.2
-97.19805,33.65253,23.6
-89.04187,42.62134,22
-92.804,29.8,22
-75.6223,35.23238,25
-93.03,16.571,31
-89.33895,40.15841,23
-60.04806,46.16139,6
-116.029,36.621,31.1
-99.17422,29.36014,26.7
-84.164,49.747,19.6
-66.26556,50.22333,7
126.618,35.9,22.8
-96.81872,35.72233,21.6
-93.31281,46.61893,13
140.371,38.412,15
-84.18412,32.11061,20.7
168.313,-17.695,28
-69.556,48.069,8.4
-85.7105,31.27673,24
-98.89311,32.72061,25.8
-75.46415,44.67996,12
9.098,41.501,10
-95.86354,40.60651,21.1
11.141,64.835,10
39.527,39.71,9
-92.09256,46.68332,5.9
-93.79472,51.065,8
15.046,59.229,11
-106.7195,44.3812,21.1
-106.12134,38.81163,17.2
-156.78427,71.28369,-3.3
-97.40288,47.9477,17.4
-2.906,43.298,17
-65.325,49.251,9.9
-80.38252,40.77349,14.5
4.293,45.533,13
-98.043,27.895,26.1
-68.921,18.451,26
6.916,46.844,13
-116.634,35.271,32.9
-72.67944,46.35278,14
-73.79913,42.74732,10
32.437,0.036,23
-82.375,34.763,17
7.141,61.158,8
-73.963,44.265,13
-1.457,35.013,16
-113.806,49.133,18.8
-100.24488,46.21903,20
-85.56624,45.69285,9
-87.4091,41.61209,14
-101.73046,37.57823,23
-97.65565,26.2303,26.1
0.152,53.475,13
-89.38858,41.02308,22
-72.384,5.319,25
-108.76194,40.09559,23.6
-121.81998,37.3331,25
3.275,51.998,15
9.506,54.827,14
35.043,32.809,18
-98.17933,32.21503,24.6
-64.81256,17.69967,26.1
-17.889,27.819,20
-122.8115,48.05537,15
-94.34407,45.95094,15
-88.85295,38.32841,20
-102.865,41.046,23.8
-81.32413,28.41822,28.3
-179.877,-16.691,28
-121.16571,45.61901,26.1
127.412,50.425,16
-100.723,37.92208,23.3
47.009,35.245,9
-51.677,64.191,-1
-83.2974,34.58797,18
-86.51938,30.77715,25.6
142.29,-10.584,29
-77.468,39.646,7.2
-93.62369,43.23232,18
28.793,36.713,14
-96.67987,28.64988,23.1
50.061,40.469,18
-88.50119,35.20644,24
-89.81595,31.29695,23
-104.81272,47.14005,22.8
-131.016,51.936,10
-101.864,46.814,20
-4.632,54.085,12
-98.40398,34.64574,25.8
36.476,26.199,26
-129.98333,55.93333,8
-86.47801,36.59556,22
-48.476,-1.379,25
-150.02774,61.16914,8.3
-119.82036,36.73385,31
-58.228,-26.213,12
-71.02083,41.87562,12.2
-75.12336,38.30912,13.9
-114.26425,48.30407,22.2
18.138,40.238,19
-91.50982,31.56375,22
103.623,36.513,19
-85.807,47.341,7.6
-105.3731,38.01381,15
-86.69,30.428,26.6
113.803,22.639,29
-99.46143,27.55103,28.9
121.337,31.209,24
-81.949,34.508,18
-94.64328,47.1599,12
-74.24507,40.61622,10.5
-118.41458,33.40421,12.8
5.738,34.793,24
-73.46313,44.63922,13.9
-58.613,-34.61,5
-87.59863,34.28317,21.1
43.135,42.527,11
13.168,51.768,13
-3.831,43.429,17
16.582,48.117,13
-91.25301,43.87922,19.4
150.847,-31.084,20
-111.547,47.751,23.4
-95.2423,29.51924,22.2
3.353,43.322,15
-78.16651,43.02981,10
-111.051,29.097,32
-84.39636,38.70177,20
-80.16223,26.07872,28.9
-115.238,32.631,33
44.419,17.611,26
-77.17242,36.29414,18.7
14.606,36.994,16
-116.32272,33.2604,34
-83.64934,41.73751,14
-73.185,7.127,19
-88.24652,43.04249,17
57.657,19.511,26
-86.4406,35.5594,23
-70.785,46.205,13.6
-18.069,65.655,7
-76.129,36.701,18.3
2.704,49.972,17
131.264,25.847,26
-113.88329,45.12828,25
116.894,-1.268,28
-77.84006,40.85339,9
-84.417,31.7435,23
2.17,13.483,33
-95.45145,33.63595,24.4
-84.67242,39.04444,19.4
-110.72056,50.01889,22
-73.094,-41.439,10
9.643,28.052,20
10.39,49.472,12.4
-94.35299,46.08784,15.5
-95.04649,41.40587,22
1.955,50.962,13
-119.38836,36.31347,33.3
-94.38554,44.85967,16
-77.96035,35.46373,18.6
-94.76763,37.79598,18.4
-109.68387,43.54854,16
42.75,43.055,7
-49.232,-25.404,15
-88.52603,44.25194,18
-111.66636,35.14428,21.7
8.536,47.48,13
-88.48538,47.17046,14.4
-89.684,39.8453,22.8
110.0575,-7.9041,29
-91.95039,42.45443,18.6
-73.61023,43.33849,10.6
-86.855,21.038,28
25.524,45.706,12
4.46,51.189,18
-80.95432,35.22254,16.7
13.472,45.828,16
-101.28,48.82,17
-86.24187,35.38039,24
-83.34667,47.82,16
108.173,22.609,31
-91.83711,47.82871,12.6
-150.097,62.319,7.2
-35.376,-5.768,24
-108.14659,32.63097,26.1
-124.23796,41.78361,12.8
-63.135,-17.645,16
-77.395,6.203,25
-86.98364,32.33672,21
-95.31875,45.64563,14.4
-78.71464,34.27528,23
-84.21853,39.90637,18.3
-106.83307,34.64774,27.5
-61.988,46.46,5.7
-88.332,49.713,5.1
13.373,55.539,14
-71.43765,42.92454,12.8
-67.754,-53.781,6
-119.08762,34.21143,18.3
-81.12282,37.78359,15
9.263,55.225,10
-55.84778,52.30278,2
-103.576,19.276,29
-84.81246,42.57644,12
-121.33826,47.27643,14.4
-96.93009,28.86245,23.3
-102.61378,37.28344,20.6
-91.707,34.804,21
-102.18102,42.80393,20.9
-39.917,-22.109,24
-58.593,-34.457,12
-80.6736,41.25477,12.8
15.064,37.467,17
99.951,12.633,31
-103.69121,29.2774,25
41.138,30.907,22
-69.67528,44.53009,11.7
-110.206,51.67,22.6
15.029,68.58,9
-109.678,40.986,21
-96.06143,33.06688,24
-117.605,61.317,19.1
-79.92147,40.3551,12.8
-66.459,45.058,8
-104.601,52.817,20.2
-73.41637,40.73442,10
-98.42638,40.60022,22.2
-91.7764,45.41861,15.9
-147.614,64.836,15.1
-60.23,55.448,2.5
-108.9413,35.058,25
-90.5069,26.9305,27
-82.46944,49.41167,20
50.845,61.647,15
88.445,22.651,31
9.72,4.006,26
-98.581,29.392,27.2
-121.81489,37.69309,22.8
78.71,10.765,29
1.091,33.721,17
96.137,16.906,27
-92.40129,42.55438,20
116.412,39.501,23
-111.77254,32.9531,34.4
-85.67792,43.12949,14
-66.08833,43.82722,9
9.918,33.733,17
-105.483,49.05,21.4
79.884,7.181,29
136.805,-31.156,14
25.507,29.346,19
-100.7575,46.78231,21.1
-50.718,67.013,4
-94.30661,32.52075,23
2.703,39.599,17
-107.66064,45.74529,24
38.117,26.483,29
-101.436,47.654,20
127.646,26.196,27
-82.43998,27.0728,25.7
-99.85,32.406,27.5
-101.71733,35.22028,12.8
-117.52796,47.62169,25.6
-6.298,53.422,14
53.72,28.895,16
-80.03626,33.18739,25
-97.22829,31.61797,27.2
-87.42831,36.1289,22
2.737,39.561,15
126.791,37.558,24
11.205,43.81,20
-94.75465,31.2359,21.7
-78.72042,33.81618,25
112.787,-7.38,29
-100.51587,28.85675,29
137.187,36.641,21
-79.01578,40.04014,7
-101.79273,39.75832,22
114.699,-28.805,17
-85.15382,33.63126,24.2
-86.31629,41.70722,16.1
-100.884,61.132,10.7
-84.59973,42.77611,12.2
-100.59038,40.204,18.3
-42.488,-19.471,21
-74.84836,44.93343,13.9
-98.06022,32.78155,25
-88.10167,41.60308,16
-96.62789,39.85442,22
-86.28161,39.72516,17.8
-117.16472,58.62139,16
40.1,29.785,22
-92.50344,46.69862,7
-98.423,35.863,22.3
-120.51139,49.46806,21
28.74,41.262,16
-124.468,61.257,17.8
-96.00412,45.22488,16.4
-52.7525,47.61861,1
36.37,54.552,7
-103.51336,38.04949,25.6
-124.435,49.487,15.8
-64.296,44.36,8.5
36.619,28.366,22
48.818,38.746,15
-117.09063,38.05049,25.6
-133.91,56.961,9.4
-110.28222,54.40528,24
21.211,51.39,12
-76.373,-6.509,24
-72.64,2.574,24
-71.75597,43.77713,10.8
-155.61,62.957,9.4
13.754,45.677,22
140.514,-2.573,31
31.106,-25.383,13
-90.73976,43.9581,18
-59.986,-3.146,27
-14.394,-7.97,26
-90.41765,30.52368,22.3
-108.44694,44.9113,23
-98.7154,31.23212,24.7
44.396,40.147,14
-98.95218,31.78984,25.8
-84.41608,39.10601,18.3
-6.225,54.654,14
-89.57854,37.22543,21.1
-85.92041,37.6924,21
-95.25421,38.54091,19
-94.78884,42.04436,21
-1.665,53.862,11
-86.17281,45.97288,10.2
-76.644,5.691,27
-85.08516,41.64045,14
-96.17974,41.76304,21.1
5.443,50.637,18
35.293,36.989,17
-89.58584,35.58186,22
8.515,49.474,17
-109.76266,38.75007,26.7
-83.20714,35.31562,17.8
142.447,43.671,19
-88.17993,38.72133,21.5
-116.09977,44.89426,21.7
-75.69887,35.91881,24.2
-100.65062,30.58531,27
2.421,44.899,13
-92.58991,32.5159,20.3
-103.573,41.581,24.1
-64.97994,18.33623,27.8
11.971,36.814,17
-111.8086,33.26688,35
-63.50861,44.88083,10
15.523,45.899,12
113.922,22.309,30
-102.46167,51.26472,16
-90.85004,44.24988,17.2
-87.8634,42.42546,10.6
-55.969,-27.386,14
-125.7725,49.08194,13
-90.0981,27.5197,28
101.716,56.365,5
-70.735,7.066,26
111.466,1.222,27
-90.80226,39.98825,21.5
-85.973,37.907,20.5
12.612,44.02,16
-77.43485,37.70927,14.4
-108.761,45.703,23
-119.20416,34.20008,17.2
-100.99725,35.61391,24.3
-95.72171,38.30412,19
-160.525,55.318,7
113.834,34.52,23
-98.00605,35.47092,24
-89.845,38.54,21
-41.766,-22.343,21
-81.80873,30.27706,27
-81.04772,24.72625,28.3
54.102,17.044,28
1.384,38.876,15
-3.84,35.177,19
140.219,39.616,14
-80.106,26.379,28
28.931,46.928,17
172.528,-43.489,13
124.245,24.395,29
-82.15643,28.22683,23.2
-84.35135,30.39354,27.2
22.83,62.693,12
1.85,61.25,11
-148.843,60.783,7.2
-88.326,18.504,30
-97.43497,32.35261,24.2
-81.91497,37.85525,20
-80.08484,26.5925,28.5
-22.614,63.987,6
-101.3,47.8,18.8
-79.779,44.234,7.9
-85.53598,36.05287,21
-85.78717,41.52652,15.6
-1.609,47.15,22
-117.25408,45.35561,22
51.092,43.86,15
-109.97357,45.80628,20
-85.31515,37.35694,21
10.961,50.983,14
-101.20332,30.73123,28
116.019,-31.667,14
-86.94737,40.41236,22.2
-150.928,70.348,-1
40.525,-12.989,25
-83.42392,39.56972,20
-79.63056,43.67611,8
-89.0303,26.9608,25
-77.32337,37.51152,15
134.609,34.132,24
10.436,36.074,14
-104.816,38.971,19
-81.15638,35.48607,14.5
72.05,71.216,-1
-79.555,8.967,29
-87.875,47.467,11.1
-79.4973,35.04238,19
-104.12876,41.15096,20.7
-145.72136,63.99312,13.9
-84.85624,36.85764,22.2
-82.70469,34.80686,17.1
-155.977,62.893,7
-121.92444,37.35938,21.7
136.805,34.858,23
-95.82149,44.4504,20
144.918,13.583,29
-107.95017,43.96538,24.4
-99.63851,41.43653,13.3
-88.27237,39.47439,20.6
45.458,39.189,12
-74.151,4.706,15
-99.27,34.666,27.3
0.567,52.648,14
-89.866,16.914,32
46.24,38.13,12
58.597,51.07,16
-95.78154,34.88237,22.8
8.71,3.756,26
9.837,53.536,19
-98.371,19.17,19
-110.04975,40.27992,24
-89.86275,30.81043,23.1
-88.53156,30.46305,24.4
-85.84788,33.59043,21.7
-0.507,43.912,17
-109.3396,37.9333,17
-75.72272,41.33349,8.9
-4.138,48.527,12
-75.13,4.418,27
179.341,-16.803,25
-6.056,36.751,21
-86.74491,33.56546,21.1
35.993,31.723,11
-4.412,48.444,13
-88.309,17.538,29
49.817,26.45,25
-105.13853,35.65582,20
-98.04096,42.11091,17
-90.32241,36.76973,21.1
87.322,69.308,-4
-94.93085,45.70565,14
-93.37216,43.68226,18.6
4.96,53.614,13
-103.489,41.364,23.2
-95.5591,44.7521,18.3
-80.55485,36.45676,13
-74.80039,41.70561,7.2
59.623,42.488,15
10.558,52.319,17
-90.75904,33.76197,20.6
-98.41721,34.55771,25.6
5.707,51.658,17
54.276,31.905,20
-100.53771,39.82981,20
-105.57836,48.09418,23.9
49.392,-18.11,20
52.1,55.566,16
-79.75756,34.89547,19.3
-130.44472,54.28611,10
21.8,61.462,12
-68.793,-32.832,9
-105.8618,37.43932,18.9
-92.94312,41.39895,19.3
-92.25573,34.83298,21
-43.951,-19.851,19
-91.0344,28.4344,25
-117.817,50.269,25.2
-100.239,25.865,29
47.729,40.809,13
-107.909,37.954,10
-104.63661,34.9355,23
17.766,63.047,12
179.339,-16.467,26
-156.04796,19.73782,27.8
140.415,36.182,20
74.801,31.707,28
-115.69,36.586,32.6
-60.98,45.347,5.5
101.001,12.68,32
-161.4884,60.9156,5
1.623,50.515,14
-75.56417,45.52139,14
-145.576,68.113,9.4
-95.99015,36.04243,22.2
-72.516,46.354,16.9
-55.094,-34.855,12
-82.46347,40.02635,21.1
-108.41778,55.84194,19
-80.74,43.983,7
-101.60138,44.05099,23.3
60.642,41.584,18
-5.854,30.266,26
-118.41455,34.25964,22
-96.18092,33.61581,25
-81.75672,26.53805,27.8
-90.2359,35.14013,22.2
139.121,37.956,18
8.305,47.092,13
-106.69972,52.17083,23
-84.689,35.922,21
79.055,21.089,33
-71.304,44.271,1
-80.412,43.642,7.1
-112.01682,41.19406,26.7
12.91,50.202,12
-95.87825,36.19854,21.7
-95.16,29.606,22
20.258,44.935,13
-90.502,19.817,31
-55.188,5.453,25
30.368,37.855,12
-122.112,37.458,23
-113.631,50.006,22.4
-104.265,41.329,21.6
-111.849,50.55,22.7
-93.34357,38.34844,17
-76.881,34.897,22.8
-60.69,2.846,27
-116.52106,43.58198,30
-84.06881,37.08958,22.2
-109.80514,42.79289,18
17.207,48.17,19
-122.49959,37.51359,14
-90.43339,40.9329,22.6
35.012,29.722,23
-83.69482,33.78258,21.3
91.24,23.887,25
122.383,11.683,31
-81.435,23.033,27
28.673,-31.546,12
-95.65748,29.61971,21.7
-119.73186,39.19054,25
-72.04892,41.32791,10.6
11.072,42.76,18
-73.93011,42.84988,10
-100.0236,28.21113,29
69.086,61.029,5
-163.686,62.095,6.1
-2.194,49.21,15
-96.566,45.231,18
27.673,37.245,14
-73.306,-3.786,24
-101.01,47.71,18
-111.1245,44.68111,16
-94.38486,46.72658,12.4
-102.12,48.55,16.7
-90.67754,43.15614,20
-100.0525,51.10083,13
-98.59594,32.42935,24.2
2.428,48.967,18
42.657,18.24,19
16.765,41.138,18
14.26,50.101,13
-85.05855,41.30611,16
113.31,52.026,5
-123.531,48.298,10.3
-82.51325,27.85976,29.1
-93.6533,47.78317,11.2
13.009,47.789,16
140.372,40.192,13
-114.86328,35.94892,33
-95.26222,41.01073,22
-98.98763,34.35307,26.1
-63.901,-8.708,24
-96.6046,46.2444,16
-130.609,54.296,9.1
103.909,1.36,29
-101.88019,37.00115,19.3
-119.05523,35.43424,32.8
-79.218,44.55,9.4
-83.95851,33.9828,20.6
-91.48,30.718,21.9
-121.84881,36.59041,16.7
-38.331,-12.911,27
36.297,51.751,11
17.08,-22.612,9
-65.754,-28.593,14
-121.24269,40.28649,23
-80.41424,27.6553,27.8
119.628,23.569,29
-95.10728,43.90998,19
-92.8549,45.00019,16
-73.579,45.506,18.2
-88.9843,28.2347,27
10.861,48.185,12
-85.033,73.006,-7.1
2.384,6.357,28
-93.658,32.488,23
-98.02924,27.5464,26
-91.707,44.076,20
-81.674,25.999,27.2
-102.20858,31.94754,22.2
0.728,47.444,17
5.377,51.45,16
-74.065,4.812,15
-96.75169,40.30048,23
-85.08142,35.95099,20.6
-72.918,11.528,29
-93.568,69.543,-7
174.806,-41.331,14
-114.35222,34.56591,35
-118.21255,34.74121,26.1
-102.91714,30.91193,29.4
-112.35997,38.96181,25
-88.45269,38.66726,21
112.628,37.747,25
-122.04906,37.4059,21
-91.98342,41.05208,21
-93.33585,30.83443,20.9
-81.33,27.65,28.9
16.918,58.786,11
25.236,39.917,17
25.173,35.337,19
-78.3934,35.5369,18
5.086,53.297,13
-70.336,-18.351,18
-66.334,47.99,12.2
-81.286,29.075,26.9
-102.98641,41.09928,23.3
-88.91,50.29389,8
-108.0752,44.51735,25
123.671,-10.172,30
-124.10996,43.98385,14
-62.338,44.825,7.4
-80.044,45.344,10.3
-111.45,49.734,23.1
104.7,-2.898,27
-124.88667,49.71083,18
-74.529,24.064,26
-102.71278,40.10468,22
-85.498,43.722,12
-87.874911,30.46179,25
-102.00948,35.8608,14
-168.093,65.621,0.6
-48.357,-10.291,25
-74.16924,40.68277,10.6
13.275,49.675,14
-98.14624,31.66971,24
177.739,64.733,8
-73.88027,40.77945,10
20.955,69.789,7
-94.27848,39.72896,19
-54.224,-32.34,13
23.395,55.894,13
-84.83594,39.75791,17
-106.91312,32.28842,27.9
-98.54628,37.2664,25.6
-75.735,4.814,22
-94.49525,37.15222,17.8
-151.702,59.443,6.1
-95.23992,42.59724,21
-91.14679,30.53783,21.7
-94.98846,43.64958,19
22.126,65.541,13
-111.871,48.541,23
-162.271,55.115,5.6
-103.836,40.632,23.9
103.244,15.227,30
-135.364,57.047,8.9
-73.10183,40.79389,10
24.95,37.422,19
-95.83537,43.20821,21
-81.38699,33.26006,21
-147.87606,64.8031,14.4
-67.62472,47.44833,11
-93.09499,35.25732,22.2
-116.99392,32.57583,18.3
71.573,40.983,16
-97.97092,35.09272,25
-86.2463,33.56079,21
-92.68416,38.9496,17.7
-92.817,17.998,32
20.285,63.789,10
-72.56545,44.20502,14.4
-92.68167,47.81993,13
9.791,37.245,16
-92.07231,31.09349,21.5
-76.29445,40.12059,10
121.233,25.078,31
-92.89906,46.02436,15
-111.92165,32.98753,35
-82.95528,42.27556,13
-123.13333,55.29944,10
-86.15421,30.73117,24.2
-77.52833,44.11917,10
-62.844,17.904,27
-81.8544,40.3101,20
-108.72603,42.81536,21.1
18.723,42.405,24
105.179,-5.242,26
-122.23299,37.71779,18.9
-83.55188,34.50061,17.7
150.725,59.911,13
-76.0277,36.8209,17.2
-114.393,32.868,34.1
74.774,33.987,11
-97.08167,44.01406,19
-81.34151,27.45529,28.6
-72.68203,41.93741,10
-107.71967,39.52792,21.1
11.297,44.531,18
130.893,-12.424,30
-5.366,6.903,25
53.007,40.054,15
-97.41422,35.85167,25
120.206,22.95,32
-170.49,63.689,1.7
-68.96,12.189,27
-71.86,6.955,24
-121.28401,38.55995,28
-84.23585,31.21415,23
9.114,56.293,10
100.274,16.792,30
-93.01904,41.67011,21
-87.93417,52.19556,10
121.004,14.507,32
-79.546,44.484,8.1
-86.85919,37.95303,21
-98.67239,36.77649,23
-94.41685,43.64552,21.1
-112.35365,40.6127,28
-114.61845,34.76784,35
13.7543,51.12797,15
-2.598,49.433,14
-93.57696,39.81982,20.6
-152.722,62.087,6
-78.579,34.60419,21.4
-13.6,28.952,19
16.284,56.685,15
-95.36072,29.98438,21.1
-119.194,50.223,22.4
-169.663,56.576,3.9
-96.83584,32.83836,27.2
-5.498,40.96,19
-121.003,39.224,23
9.561,47.485,12
29.835,70.065,7
-91.7447,47.0192,7
-158.732,64.321,11.1
-78.88005,34.98953,19.4
-38.25,-9.4,24
-82.45373,28.47387,22.2
-76.609,2.453,20
-87.26114,35.23719,21
-88.56395,44.78705,16.5
-122.95572,45.54761,22.8
-92.49721,47.42741,12.6
-95.57585,43.6525,20
-158.119,-19.968,26
-77.63328,36.33098,16
-73.74083,45.47056,19
-116.483,49.04,23.5
-135.322,59.457,11.1
-60.05,-3.039,26
-123.366,42.6,20
-3.36,55.952,14
-78.75981,39.61819,10.8
-106.35493,37.70918,18.2
-123.193,49.347,15.8
-60.406,46.663,6.5
20.81,67.133,11
153.091,-26.603,23
-48.797,-26.224,16
-86.4238,36.96467,22.2
-90.647,36.404,22
116.505,23.55,31
-1.863,38.952,14
57.684,-20.434,23
-94.20601,46.99416,12
-108.44705,43.06218,22.2
-127.632,50.94,11.9
134.016,34.214,23
-109.06028,35.65708,22.8
98.986,8.099,27
-106.369,31.861,31.1
-112.50409,39.38787,26
-63.837,46.441,8.8
-139.032,61.37,9
39.925,47.494,13
144.478,-38.029,15
-152.292,63.889,7.8
-118.00884,45.29063,25.6
-123.808,49.209,16
-92.02485,42.21761,20
-65.332,48.012,7.7
28.397,57.79,11
51.866,32.752,13
-113.517,53.573,23.5
-108.421,55.841,19.4
-114.907,52.431,20.9
9.609,63.703,10
-5.441,36.129,20
-85.842,41.274,14.4
-104.2,51.767,16.3
-86.29329,33.17322,20.6
55.87,54.57,16
-117.13747,32.81453,19.4
-97.0832,36.16238,23.3
-3.723,40.299,21
22.253,71.305,5
-98.49144,33.86295,26.5
-80.56361,34.2815,21
121.556,38.961,20
-101.88,48.67,17.2
-64.3,-27.755,15
-4.433,55.867,13
-102.52831,32.32807,24.5
-69.548,47.806,9.5
-70.441,-23.45,14
-94.21548,30.06856,20.2
71.419,30.203,31
10.639,49.308,16.4
-161.004,-10.374,31
-52.017,-23.476,20
-117.19727,32.73645,18.9
-7.364,57.475,12
-89.86121,35.36188,23
-96.97847,30.17144,22.8
5.22,59.341,10
-81.89315,39.9461,20.6
-86.816,39.635,17.7
77.337,23.288,30
-1.333,52.833,12
-143.585,70.135,-1.1
-119.62318,36.31142,32.2
-136.192,62.115,13.4
67.739,47.711,15
-8.372,43.307,17
59.639,36.236,16
-61.348,10.593,27
-122.12116,37.65886,18.9
-119.2925,52.12417,22
122.978,24.467,29
-122.21443,47.49512,19.4
-70.277,-18.049,15
-81.75538,24.55706,29.4
-32.423,-3.855,27
-88.19292,35.6592,24
103.427,4.537,28
1.688,47.32,11
-98.12549,26.44332,27
-80.497,27.813,27
-91.1255,40.77293,22.8
80.889,26.761,31
-92.1866,46.84346,7.8
-90.93974,30.17559,22.5
-94.02616,29.95206,21.1
-112.06003,41.54633,27
168.739,-45.021,10
-86.80549,35.50821,24
83.54,53.362,10
-86.864,15.737,29
115.03893,30.34237,26
-88.41519,41.43166,19
103.209,3.775,26
-115.13433,35.96575,32.8
-101.734,40.871,18
26.938,60.896,12
101.195,16.676,29
-83.81197,45.4085,6
-86.006,34.688,24
-85.56942,44.73903,13.9
0.223,51.881,13
-86.6141,31.84674,21.7
-97.78884,36.37806,24
-3.926,5.261,27
-116.85507,34.26259,16.6
-25.171,36.971,18
-57.581,-37.932,10
-84.4589,42.25896,12.2
-78.78196,35.89228,15.6
64.483,39.775,17
-123.388,42.51,28
-149.511,61.416,9.4
-77.76528,55.28194,14
-122.31711,41.31493,22.8
-88.91697,35.59332,24.4
-120.79432,38.37424,24.9
-84.32902,37.63053,21
-47.135,-23.007,18
133.889,-23.795,15
-114.76546,42.91551,27
-121.6225,39.4943,29.4
-72.18246,41.74248,10
-64.241,45.76,8.1
-145.44455,60.48601,5.6
-116.56747,48.2945,25
-84.52713,34.63009,21
-80.41,22.159,26
-104.15847,42.06132,23.3
-84.42849,41.33571,15
-72.525,42.201,11
-0.416,43.385,18
-71.939,-13.536,9
-92.80493,46.41631,15
-96.26875,32.71312,26.7
-90.03163,38.88968,21
-75.66917,45.3225,12
77.704,13.205,23
-103.118,44.155,21.6
78.093,9.835,29
-61.797,17.135,26
-121.53496,45.67458,23
-93.05586,44.93235,17.8
68.825,38.543,16
-91.206,28.599,23
-92.65436,37.64494,17
-93.297,31.396,21.1
-82.52404,36.98842,16
151.836,-32.794,20
-88.91436,40.47771,22.2
-111.80752,43.83212,23.3
41.17,39.956,6
-60.812,-31.712,7
11.42,51.856,16
-119.26121,45.82589,29.4
-106.930289,37.822017,16.4
-79.978,-3.435,26
-96.17875,48.05967,14.4
-83.02255,30.29896,25
-72.546,48.842,9.6
-162.115,63.484,6
-75.97991,42.20677,7.2
13.615,68.155,9
-7.966,37.014,23
-101.19398,36.21934,22.7
-83.2593,37.3869,21
-63.466,45.422,5.8
9.518,40.899,15
25.286,54.634,10
-52.365,4.822,25
-87.90841,44.87488,13.6
-72.52131,43.34212,15
-78.43721,37.36299,15
-78.05226,36.68538,16
-75.55486,40.23802,10
-78.944,38.077,11.2
-121.72553,42.14702,24.4
-84.93687,33.90846,20
-111.61405,39.33232,23.5
51.609,25.273,30
2.22,61.53,10
-3.343,51.397,11
-73.248,10.436,28
-123.161,49.783,18.4
-86.78615,34.64407,22.2
-75.837,19.971,26
-81.704,12.587,28
-103.408,25.564,29
-115.034,36.236,35
-81.05622,34.9836,17.2
-96.7051,30.51615,21
-87.16825,37.72967,21.7
-81.55894,37.59977,18.2
-81.4438,39.33948,20
-93.34444,53.06417,7
-56.169,46.764,8
-98.959,23.706,31
-58.067,-32.362,10
-99.32292,31.1766,25
-97.969,30.498,24.3
8.121,35.432,14
-106.69929,40.35444,7
-16.35,33.073,17
-99.68208,32.41062,26.7
1.254,6.166,28
-111.187,47.505,23.8
-76.611,39.281,11.7
12.228,46.729,7
-97.36403,32.82478,26.1
36.894,39.798,7
18.466,54.379,14
10.227,36.851,18
85.088,25.591,30
102.934,25.107,20
107.699,16.399,34
-79.31871,33.31376,23
23.431,-19.973,13
-98.41384,45.44358,20.6
127.499,36.717,20
-147.169,61.938,2.8
-118.96717,44.40289,24.8
78.228,26.293,28
-106.17,38.099,20
19.256,47.437,14
-78.13908,39.14056,10
-97.093,15.876,30
0.22,45.728,20
18.711,64.552,11
8.17,43.958,20
-76.92514,38.98057,11.8
123.297,9.334,30
-86.09678,42.74634,13.9
-78.37212,42.2429,6
-5.257,50.084,11
56.964,30.251,14
-110.10976,42.57803,19.4
-88.06303,30.61465,23.9
6.106,45.93,15
-118.3866,33.93817,17.8
105.805,21.218,34
-93.46964,30.43678,20.6
-102.68747,38.07177,26.1
-85.934,79.989,-8
-87.93161,41.96017,15.6
-73.063,-36.773,12
23.424,68.363,8
10.022,52.591,16
-94.22113,36.3444,17.2
-70.03,47.354,11
-0.17,5.6,27
52.59,29.539,18
-76.56432,40.43807,10
12.728,43.517,15
72.995,31.365,27
-89.53115,43.11527,20
-47.34,-21.982,19
-158.044,21.478,24.5
100.767,13.686,31
20.25,49.068,7
-90.92694,32.23591,22
-99.22276,28.45851,28.9
-84.9848,40.45318,17.5
-82.53999,27.96332,28.9
-161.024,66.819,11.7
-72.26951,42.89802,11.7
-2.554,55.05,8
-109.085,25.688,28
-111.42694,32.93589,34
-120.20126,47.39748,26.7
-106.37737,31.81233,30.6
-88.146,40.291,22.3
45.702,43.387,15
-120.53489,46.56398,28.3
-90.59483,41.61333,23.3
-52.389,-15.861,22
-149.66,61.263,9.3
-81.88863,40.87324,18.3
-87.41175,36.61688,23.9
-6.25,55.681,14
-91.19661,39.9371,20
-57.878,49.57,4.9
-107.90213,35.16529,23.5
-86.68545,34.67597,23
-77.67539,43.11723,10
17.494,47.362,10
-104.93858,42.05627,21.5
-104.732,42.261,21.9
-84.475,43.97,10
9.222,48.69,15
-120.64405,35.23815,17.8
-104.532,24.124,18
-95.12584,45.11112,17
-96.26227,44.72966,18.1
-71.137,-40.075,1
-115.67109,47.4548,15
-85.42074,44.27846,12
-75.95503,35.55939,24.4
-99.249,26.969,27
-98.01794,46.9419,16
-117.11582,46.74377,23.9
-78.93818,43.1083,10
-118.042,33.796,20.6
-81.68318,41.51732,14.4
-92.95427,45.69624,15.5
-106.91759,39.64482,20.6
-119.11817,46.2695,31.7
-89.54355,34.38513,20
0.202,47.949,18
87.243,23.623,30
-122.811,38.5037,17.2
-94.91373,40.35243,21.5
39.782,40.995,16
2.936,54.326,13
-84.6739,44.35904,10
-91.73926,35.21343,22.2
118.863,31.739,25
-66.80528,54.80528,4
-79.879,19.688,29
-85.14916,41.14397,17
-103.60144,35.18052,19.4
104.643,17.384,31
-86.23775,44.27139,15.6
-107.1952,41.80647,18.3
-77.957,72.694,-5
-90.52365,41.44816,22.8
-9.136,38.781,16
-107.586,49.058,22.6
18.519,4.399,25
-74.32925,42.99895,7.8
130.855,32.837,26
-90.4411,27.6247,27
-79.34184,39.58274,7
-105.84139,59.25028,22
-73.76394,40.63916,10
-74.9079,39.01081,12.2
-91.48809,44.86653,19.4
-121.49604,38.50658,23.9
-82.22093,34.88423,16.1
-86.24814,34.23159,24
-67.631,-54.932,5
-95.4112,40.75329,22
-82.57413,28.86602,22
21.426,38.151,16
-102.68,22.904,21
-119.522,38.355,20
-83.73983,42.22393,12.8
-99.28337,34.22834,27
-85.05436,41.93081,13
-95.62602,39.07245,21.7
-87.480797,36.568199,23.9
-122.46826,41.77373,28.9
-6.909,30.939,25
-97.215,37.694,20.8
-108.989,49.438,19.5
-2.862,56.377,14
-16.653,13.341,23
43.786,56.225,14
-123.13378,45.19571,23.3
-112.06755,43.52042,23.9
-77.71425,42.56985,11.1
75.801,22.722,28
1.486,45.04,16
-11.404,14.482,37
-97.19923,33.20884,27.2
31.014,27.049,20
39.291,38.607,12
-110.00194,34.26862,24
-82.27602,29.6917,24.4
-91.81292,39.15612,17
-115.859,43.03,30.6
-93.47049,44.83215,16.7
-117.86745,33.67976,18.9
12.101,45.689,17
-83.13162,34.34183,18.9
-96.29293,37.85191,19.4
-121.23,61.76,17
127.114,37.446,24
-95.48251,36.29182,20
7.697,52.135,18
47.581,24.063,25
-149.538,61.571,10
-16.052,14.147,26
-6.044,43.567,18
-1.787,43.361,17
24.622,40.915,16
-149.087,64.547,13.3
-111.943,47.698,22.7
-99.568,19.343,16
-79.391,9.056,30
76.497,60.959,2
-82.43194,52.9275,13
97.972,19.302,26
-98.05456,41.73015,15.2
-88.372,36.664,22
-53.99,47.30611,7.4
31.612,22.376,28
-94.73087,39.29747,19.4
28.398,-26.248,10
-77.73041,39.70619,10.6
-104.78807,37.69414,24
114.928,4.944,30
-90.253,43.938,17.8
9.91,48.218,13
-76.58444,44.22639,10
-87.02072,30.69728,24.4
-0.248,33.532,18
-88.5829,36.76401,21
-93.5383,27.3039,24
-76.55,38.315,13.3
15.267,56.266,13
-95.58658,30.74433,21.1
-99.08684,38.20838,20
24.177,-17.634,12
28.716,45.065,15
-111.96503,40.7707,27.8
-70.71539,43.38756,9.4
-151.491,59.642,7.8
-90.70915,42.39836,20
27.926,39.619,16
-80.28283,25.91017,28.3
-65.387,-33.73,8
-105.116,69.106,-4
-6.329,58.215,11
-77.05284,42.64405,8.9
131.326,25.944,26
-97.46298,29.53015,25
-105.4,51.667,21.4
-85.73661,38.36922,20
-88.75071,32.33482,22.2
120.434,30.229,27
-85.71697,34.4759,24.1
-97.79535,28.36919,23.6
-71.197,42,13.2
83.228,17.722,31
-87.9045,42.95489,10
9.412,0.459,27
-87.59971,34.74388,22.8
-102.54875,36.02516,14.4
-97.96163,34.47779,25
-106.87053,39.22993,16.1
-101.47,26.956,28
-81.233,68.772,-7
-123.35776,43.23366,27.2
-108.06585,38.78688,25.5
-110.348,31.586,28.3
-3.555,40.466,17
-124.149,49.336,15.8
46.734,39.094,15
-93.61852,41.99045,20
-110.44154,45.69837,22.2
-90.3328,41.8295,21.7
-82.37019,32.61109,22
22.026,37.068,14
11.521,3.833,23
114.697,38.281,25
-122.98571,46.67745,17
-79.77958,32.8982,26
-102.65179,46.0108,19.4
-114.37444,51.10306,20
-63.61139,50.28194,5
-97.60033,35.3843,23.9
10.719,53.805,15
-100.104,25.774,29
86.107,55.27,6
-51.171,-29.994,14
-70.786,-33.393,3
-79.73078,34.18772,21.7
-75.206,19.909,26.7
-149.418,60.129,5.6
-84.1347,42.99368,10.1
-113.083,41.059,28.4
-105.27,55.146,17.8
-119.72019,36.77998,32.2
-94.73223,37.45118,18
-92.5851,36.29247,22.8
-96.43486,32.93218,25.8
128.659,35.894,21
50.68,36.91,20
-85.20635,40.97247,16.1
51.565,25.261,30
101.552,3.13,28
27.627,47.164,12
76.702,42.585,13
-103.09805,42.83736,23.3
-130.361,54.172,8.6
-83.9829,38.05745,21
10.872,45.387,18
-103.51174,31.38205,31.3
-123.29304,44.50126,24.4
-114.84661,39.29538,21.1
27.961,-26.566,11
-15.97,18.31,27
27.799,63.008,13
-96.76169,39.05682,23
-17.031,20.929,22
-82.81209,34.09574,20.6
27.829,71.029,6
-93.40491,36.69326,17
-163.013,64.548,8.3
33.496,35.155,13
-101.3527,38.4566,22
-3.789,37.19,19
-113.45056,40.16039,27.6
-82.2468,26.86011,28
-89.98085,43.52609,18.3
-107.05568,37.29095,19
9.879,46.526,6
2.31,43.214,17
-86.088,39.628,16.9
50.842,32.297,3
69.695,40.215,17
-78.0454,38.24866,12
-175.15,-21.241,25
11.17,42.387,16
-80.679,-0.946,27
-105.979,49.168,20
9.784,49.118,13
132.383,-14.523,30
19.724,-17.956,16
-80.802,33.922,22.1
77.043,11.03,26
-111.09127,43.74499,19.4
71.745,40.356,15
6.769,51.296,16
-97.79512,31.42077,26
-71.217,-34.966,5
-107.76025,37.14311,22.2
27.919,41.139,17
-92.4802,34.5862,21
-114.21611,44.523,23.9
35.06999,36.89385,15
-117.11094,32.563,18.3
18.916,69.675,7
99.152,9.133,29
-70.637,47.284,4
-79.828,-6.787,22
32.562,37.979,11
-89.32941,39.53504,20
-35.792,-9.511,22
-105.99577,34.98372,24.9
-114.09986,47.56763,24
-56.116,-15.653,19
-96.113,30.368,21.9
-105.6175,57.25639,20
-57.096,51.022,5.2
-118.33291,33.92352,18.3
-96.97044,30.87892,21.8
-81.38962,41.68392,14.9
-101.3413,48.40623,17.2
86.878,53.811,9
-70.116,48.26,15.3
24.421,46.468,14
-81.42176,40.47031,21.1
-117.137,32.865,18.3
-97.77354,33.6011,24.5
-73.24876,42.89351,8.9
-96.67889,39.13463,21.1
0.067,40.211,16
9.082,52.279,18
-122.41892,48.46958,16
15.034,12.134,33
-80.277,25.322,28
-83.242,33.153,23
-157.267,59.727,6
-97.68063,30.1831,26.7
-81.80064,28.82142,23.3
73.32,54.964,7
166.623,19.287,30.2
-77.97499,39.40374,11.1
-74.289,45.121,16.6
-87.58972,40.20316,22
0.309,46.584,17
26.078,44.511,15
-122.664,48.355,13.3
-80.70736,35.38961,16
3.963,43.577,18
-86.7649,40.7127,19
-73.929,45.427,17.3
-92.54694,40.09661,20.6
-76.44284,42.91411,9
-98.69033,42.46912,17.2
-122.5407,48.7991,16.7
-82.84935,38.8387,21
-76.40653,39.32145,12
-96.62013,47.84042,15
-84.87331,34.72699,23.4
-88.70171,43.42847,16.5
-72.916,46.189,15.5
143.404,44.304,15
-99.2041,35.35676,24.4
-97.21908,37.74965,21.1
45.197,20.504,28
73.333,49.672,14
-75.38019,40.43681,10
-86.925,33.314,20
-94.88932,36.91284,19
-74.03861,45.67972,16
-73.48337,41.37215,9.4
-89.304,44.04347,20.6
-85.749,31.36,24
-83.74667,38.53831,20.9
-152.48809,57.75072,6.1
52.352,27.82,26
-8.684,41.235,17
-60.836,11.149,27
-64.026,67.552,-2
12.618,35.498,19
61.897,37.619,19
-92.67593,30.24265,21.1
-82.153,32.059,21.5
-99.31626,43.76534,21.2
48.236,54.274,13
-99.08725,29.97794,24.1
77.961,27.156,28
-111.929,60.026,21.7
-124.13365,40.5529,10
132.146,43.399,16
133.855,34.757,23
-80.18237,42.08026,12.8
-82.57556,38.98609,21
8.803,41.924,15
44.608,43.204,13
25.355,64.93,11
-131.578,55.131,9.4
-88.52928,39.07117,20.1
-59.056,-27.45,7
76.263,32.165,21
-87.395,46.341,14
-95.2115,39.00778,20.6
-53.688,-29.711,14
-99.52337,36.43743,21.8
-82.98276,43.7774,8.5
16.255,58.584,12
-79.86029,41.38055,10
-92.4434,27.5461,27
-83.86481,43.43187,11
-91.90521,36.87913,19.4
40.157,57.561,11
6.66,50.829,18
27.886,37.816,16
-80.30839,35.78045,14.1
22.714,51.239,11
-85.73075,38.17739,21.7
7.623,44.547,15
92.493,56.173,5
-108.54617,45.80722,22.8
-65.89028,45.31583,5
-91.74332,43.27549,20
-80.379,25.49,28.1
4.935,43.516,19
-112.293,33.528,35
-82.31896,28.80625,21
-105.10477,38.42559,24
-160.794,63.885,6.7
-98.23541,30.74068,26.1
-70.67692,42.09607,13
-86.47318,39.75109,17.5
-79.218,43.244,7.9
-83.80538,41.58705,13.9
-102.83,41.325,23.5
45.029,12.829,31
167.969,-15.305,30
6.792,47.083,11
9.538,54.312,15
-73.809,7.026,26
-104.46445,32.85237,29
72.411,-7.313,26.7
-78.89326,41.17947,8.3
15.253,-4.252,25
103.866,1.417,28
14.477,35.858,18
-132.733,60.167,10.2
-97.76043,30.32077,26.7
-67.128,18.494,25
13.53064,52.38068,14
-99.265,18.83,30
55.609,24.262,24
-157.763,21.45,25.6
-122.29771,40.51461,30.6
-131.81389,53.25417,11
46.667,41.561,15
-75.564,1.589,23
-86.177,12.141,30
-89.267,45.93091,14
-55.795,47.368,8
21.863,43.338,15
-78.33408,36.02289,15
-106.108,32.852,31.3
-96.26,15.775,31
46.171,51.713,8
-116.24061,43.56704,28.3
-105.67288,41.31651,17.2
-25.698,37.741,17
-4.849,37.842,19
-115.552,51.194,17.9
-75.22682,39.87328,11.7
63.36,-19.755,23
-83.56453,45.07161,7.2
-89.02028,44.33424,19.7
-91.9878,27.8403,28
14.359,67.267,9
24.091,45.789,13
-98.529,44.86,22
-82.77263,31.05613,22.5
-90.156,38.57,21.1
-111.11722,58.76722,21
-79.9568,40.7765,12.2
-102.22,47.97,20
-86.932,20.516,29
-85.13123,31.95162,22.2
-126.129,67.021,4
43.951,36.232,18
-14.964,16.677,27
16.694,49.151,13
-88.77932,37.06523,21.1
44.235,33.263,28
-79.008,35.175,19
42.06,37.365,15
-63.109,18.041,26
-5.35,36.151,20
22.794,39.22,19
134.544,7.367,30
-87.72513,38.60931,22.3
0.147,35.208,14
40.201,37.894,13
-106.049,38.538,19.3
-96.19452,38.32907,20.6
48.788,15.966,33
-101.47324,31.19448,19.1
-97.7093,35.60184,24
-89.659,20.936,34
-78.09766,37.18134,14.1
-90.346,47.745,6.7
-124.55757,47.93695,12.2
5.762,50.905,17
-81.07186,29.17351,27.2
18.613,49.231,10
-106.94877,47.32591,23.3
-71.147,-42.906,1
-80.649,38.684,19.4
-89.55775,36.90274,20
-84.936,34.45,23
55.939,25.613,26
1.379,43.621,19
-90.13448,43.83853,18.5
49.485,25.285,26
-83.48592,31.42293,23.2
14.302,66.364,10
-84.68943,45.01656,8.9
-85.43416,32.61702,23.3
-80.722,32.477,25.6
1.741,46.87,14
-120.62916,35.66935,18.9
-68.544,63.75,-2
-96.562,50.695,7.8
123.831,-17.574,22
-116.91597,33.03798,19.4
-98.47198,29.33896,26.7
-109.814,47.376,22.6
-73.70455,41.06236,9.4
-68.277,12.133,27
129.325,34.288,19
152.711,-27.63,24
-84.26127,43.66429,10
-123.14151,47.23843,17.8
-117.874,34.908,29.7
-76.069,38.804,12.9
3.169,45.787,14
11.21,48.71,14
8.563,55.528,10
-90.65575,38.65753,20.6
-111.99019,40.61961,27
-93.65312,41.53395,20.6
30.267,59.798,13
8.341,54.913,12
-73.12662,41.16424,11.1
-101.96,48.12,17.6
-90.201,28.3839,24
48.8,54.402,12
34.887,32.011,19
-117.355,33.304,18.9
-97.616,52.819,3.7
-151.51888,66.91757,12.8
-83.88264,30.9026,24
93.897,24.76,23
-81.6097,35.81917,15.5
-109.76438,48.54254,22.2
-72.82781,41.50968,10.6
4.696,54.854,13
-81.33545,28.54653,28.3
-121.0865,38.95527,26
-2.205,57.205,12
10.7,44.194,7
-84.1958,31.53642,23.9
10.239,47.989,11
21.627,41.952,16
-105.66275,35.00301,22.2
-87.61555,33.21216,21.7
-94.74764,43.40085,20
-84.29801,33.87835,21.1
54.458,24.428,28
-98.59776,31.92403,24
2.327,65.325,9
-97.09586,32.08435,25
-112.14897,37.70128,20.6
51.304,35.686,20
-2.727,47.722,17
-158.631,56.959,4.4
-119.31459,47.19295,28.9
-40.565,-9.367,27
-6.442,53.306,14
11.055,49.503,13
167.941,-29.039,22
43.646,43.514,14
-62.66,58.479,-1
-80.41269,37.20801,12.1
-91.93444,34.17981,21.1
-122.05444,52.18333,15
-89.931,35.276,22.1
-94.73876,45.37246,15
-86.2578,42.34762,16
-79.905,43.286,7.9
-60.948,13.743,26
-77.61867,35.32397,23
-93.014,44.474,16
6.078,62.18,11
-93.55,38.736,19
-96.42557,45.29935,18
-80.28,33.062,26
-77.153,43.84,9.1
74.364,32.536,25
-77.39581,41.72868,7
0.924,21.375,32
-90.24186,39.77401,22
-1.47,49.65,13
153.13,-27.391,23
-83.41496,35.22276,20.4
7.262,62.744,11
-53.073,46.659,2.4
126.259,45.628,20
-115.16343,36.07188,33.9
17.436,62.532,12
37.906,55.409,11
151.221,-23.87,25
-171.735,63.777,0.6
-157.907,-21.896,25
-111.64372,33.30082,35
-85.964,32.916,21
-1.358,50.944,13
20.961,52.163,10
-93.269,45.88854,15
-67.381,49.317,7.2
-110.75547,39.60886,22.2
-108.936,46.838,19
-84.52465,33.77759,21.7
-120.70926,39.27619,18.9
-75.01334,40.07893,11.7
-91.16044,42.22032,22
-91.51224,40.94526,22
-81.75684,28.06137,25
-96.37342,30.22316,21.3
12.51,43.097,14
-122.86367,45.76907,21.7
-1.702,55.037,11
9.388,51.421,15
-117.80986,44.84301,21.7
-93.194,31.047,21.9
12.24,51.435,17
27.825,43.232,17
-69.10137,44.06111,10
-97.3202,31.4891,27.8
-4.367,51.714,9
-87.8184,30.86907,22
-51.072,0.051,25
-157.005,58.704,5.6
3.215,36.691,14
-90.024,29.837,21.7
-120.415,38.03,26
-67.471,-45.79,3
-109.837,27.395,29
-140.946,-18.075,28
111.983,2.264,28
-102.89847,48.38338,18
-103.67084,41.18937,22.3
-98.905,49.191,13.3
118.119,4.316,31
104.87,15.251,31
24.504,43.453,14.6
-101.7502,37.99878,24
-84.52021,45.6523,8
49.684,30.74,31
-27.091,38.762,17
14.507,60.96,7
132.698,33.83,22
-87.323,30.356,25
55.51,-20.887,20
72.294,40.727,17
128.7058,27.4322,25
2.205,48.77,20
-111.43293,40.47743,23.2
120.35,22.577,33
-70.855,-53.003,5
12.239,41.8,17
-88.74872,37.18243,20.2
-84.08132,43.5281,11.1
169.224,-19.455,27
-102.843,32.976,28
-72.17,45.27,17.1
-64.662,43.989,6.9
-154.90905,59.74922,7.2
-74.20286,44.3928,13.3
-94.072,61.098,2
-110.38734,40.19804,24
-81.59113,38.37951,21.1
-103.08025,34.42272,18
-133.075,55.582,12.2
128.938,35.179,21
-48.547,-27.671,17
-77.04782,35.06838,23.9
27.405,68.607,9
76.789,30.677,27
-86.56438,40.27479,20
-82.73751,38.55602,21
-114.02028,51.11389,21
-94.36526,35.33347,22.8
-5.616,37.175,20
-89.53469,44.54374,19.5
121.462,29.827,28
-95.928,47.26,13.6
36.869,-17.858,21
-80.69683,41.77941,13.3
-86.88333,36.18519,24
-73.13533,41.47414,8.9
-78.895,43.92278,8
-78.501,38.667,11
-86.91484,39.97674,18
-78.005,34.718,23
28.031,53.883,7
-141.938,62.962,11.7
-102.9081,31.5804,27
-86.525,30.653,27.4
-85.33134,39.87517,17
-98.90403,30.23896,25
-111.3828,47.47327,22.2
-96.51375,29.63823,22
-99.00862,40.71927,19
-86.19847,44.62464,17
14.902,53.585,12
-157.167,61.697,6.1
0.154,49.365,14
43.491,29.626,28
-99.072,19.436,17
-122.31442,47.44467,18.3
-124.42577,42.41613,13
-117.43523,33.95283,23.9
47.196,39.595,16
-80.84866,27.26627,28
-112.06618,33.69022,33.9
-83.1357,39.89878,18.6
-83.32736,33.94773,21.1
-67.79289,46.11846,8.3
-91.76278,53.44139,8
-91.97599,42.68314,19
-130.03222,58.42222,4
-74.669,40.62407,10
-13.23,27.141,19
-8.036,31.607,26
-85.24181,37.63517,21
-88.922,30.415,25.5
-93.98776,33.45605,22.8
-69.943,-4.196,24
-117.57689,34.05314,23.9
-70.781,47.079,8.1
-77.89986,34.26678,24.4
-165.839,-10.915,32
-84.924,45.166,11
-78.937,36.007,15
-82.55965,27.40147,26.7
-77.78278,48.05333,16
48.283,33.435,12
-81.10722,44.74583,8
56.239,26.168,28
-88.77127,34.26224,21.7
-85.24147,42.31192,12.2
-121.41049,36.89195,17
-108.79317,35.50856,23.9
-75.597,39.218,12
-75.294,2.949,30
-157.428,70.469,-0.6
-92.68969,37.97448,16
106.639,29.718,23
-89.2228,28.1694,27
-100.404,45.543,20.6
18.728,44.461,9
-74.52806,49.77194,15
3.628,53.269,13
-99.05281,34.98908,26.7
11.869,57.781,12
5.078,45.726,19
75.085,15.362,22
130.719,31.803,23
-90.4911,28.8669,25
-81.46233,30.61306,26
-83.396,44.453,7
-99.002,19.763,15
-73.67528,53.75472,10
-103.98516,46.92509,19
-84.5964,34.01459,21.7
-89.14963,41.35175,24
127.03,37.091,23.8
158.444,53.175,17
-92.04382,46.72307,6
-111.22333,56.65333,18
-74.94689,44.67571,12
134.787,35.513,24
-85.52298,42.8821,12.8
43.082,44.225,14
-103.29641,46.1656,19
-159.766,-18.829,28
-68.893,48.416,8.3
12.347,58.314,9
-111.92317,33.61235,34.4
-82.56839,30.18384,27
-113.013,36.959,28
-87.59903,38.76045,21.1
-73.41694,45.5175,18
-91.44252,39.72624,19
-161.156,64.939,10.6
-98.03839,43.77425,23.9
-95.06436,29.67094,21.7
-107.69,50.29194,21
-83.27855,32.39935,22.3
47.521,29.347,26.6
-94.73688,36.60698,18
-77.03453,38.8472,12.8
-71.032,48.894,9.7
2.534,49.015,19
-81.358,13.358,29
-101.464,17.605,32
117.346,39.124,27
-93.23132,44.88523,17.2
6.231,48.692,13
-111.35,25.993,27
4.444,51.954,14
16.054,45.729,13
-111.473,47.312,22.4
-98.69642,29.72675,23
-65.15,-19.247,14
-108.927,47.328,22.1
-122.24829,37.51192,20
8.728,45.631,18
-82.68555,27.91256,28.9
99.362,10.711,29
32.995,40.128,12
7.229,53.388,13
-59.64,50.465,4.6
-97.00888,34.30074,24
-81.58942,32.6459,20
-60.673,46.818,1.3
-162.062,58.652,1
-2.357,36.846,22
-97.442,27.702,26.1
-1.379,46.702,17
-4.587,55.509,13
-96.54607,45.78283,17
-8.411,42.888,22
18.98,63.412,11
49.275,55.61,16
-123.1825,49.19472,18
-68.905,-22.496,8
18.331,43.825,11
102.799,17.382,26
10.691,34.718,19
-75.58028,39.98893,10
-114.03119,40.72112,28
-2.075,48.589,14
-77.54161,35.93629,19.3
6.128,46.248,15
-2.85,53.334,12
5.33,36.18,12
-107.22961,40.48419,18.9
11.08,60.201,12
-122.851,61.125,17.3
-66.86472,52.92278,6
-77.70417,53.62528,11
19.085,50.478,8
-112.00366,33.42779,35.6
-94.983,74.716,-9.2
-128.154,52.181,11
20.34,67.823,8
82.651,55.013,5
110.04,25.22,28
-81.77513,26.15498,26.7
-98.31303,40.96146,21.7
-93.2569,44.11908,17.4
89.425,27.403,14
15.684,-17.044,15
-9.413,30.325,19
28.488,44.362,16
142.719,46.887,20
110.34,1.484,31
119.666,25.936,28
-108.62645,37.30707,25
-48.226,-18.883,19
-80.52357,35.64415,14.1
-71.4325,41.72252,11.7
-82.51767,40.8204,16.7
-96.75387,43.57751,21.1
-82.56722,45.88167,9
-92.61319,43.07299,20
-75.516,10.447,29
-114.078,64.192,17
-77.98423,42.10774,6.7
7.265,49.946,18
-6.752,34.051,17
-121.60929,36.66352,17.2
25.829,66.562,9
-103.22223,32.67971,29
35.495,38.77,7
-89.68418,40.66747,22.8
-87.495,36.672,23.5
-84.29293,40.49594,15
-111.65,45.276,21
-104.68874,38.80948,20.6
12.188,-5.59,23
-68.36171,44.45491,10
-102.02003,45.03256,20
-96.52367,41.44892,20.9
20.884,37.751,17
-70.52207,41.66082,13
50.634,26.271,28
-43.261,-22.815,23
-121.75736,36.68151,15
-72.95165,43.52997,12.2
-87.13142,38.69532,20.3
-126.59583,52.3875,13
21.24,48.661,13
-97.74568,45.81865,18
-91.14059,41.36703,23
-97.6396,46.21846,17
145.24,14.172,27
-88.62129,40.92328,23.6
-63.997,47.058,8.2
-110.72206,35.02795,28.9
-108.5408,39.13437,26.1
11.344,47.26,13
-86.05504,40.5304,17
-95.06948,46.89713,12.8
-78.83556,48.20611,17
-89.11147,45.15655,16.5
-100.95052,32.69168,23.6
-80.22522,27.18154,28
-123.50657,48.12193,13.3
-82.55479,38.36531,22.2
-101.52472,32.20974,22
37.479,36.947,13
-76.45198,36.78241,17.8
11.342,62.578,7
-83.43324,41.9371,13
7.497,46.914,11
-83.667,33.981,20
-1.578,51.758,14
-85.546,42.22827,13.9
-112.721,32.885,35.1
6.629,36.278,10
-101.04484,39.84013,21
6.579,53.12,13
-88.1091,41.99236,15.6
9.286,51.114,13
-92.49208,43.90399,20
-65.105,-26.841,12
-97.8625,55.80333,17
56.021,57.914,18
-89.88003,46.12035,13.8
50.152,26.265,27
-93.8043,30.06804,21.3
147.503,-42.834,15
-127.941,50.112,9.5
-85.552,10.589,30
139.528,35.672,18
-90.2599,29.43519,23
-105.5534,39.869,6
-83.410018,42.66315,11.7
117.568,3.327,28
79.886,6.822,29
-111.44874,36.92111,29.4
-133.058,54.255,8.5
10.619,56.3,11
-112.50146,45.96435,19.4
-96.51,56.037,14.4
-70.614,19.407,24
-110.636,47.845,23.4
-67.491,6.184,25
174.107,52.711,5.6
-88.48146,41.77133,19.4
-83.27023,43.06754,11
-1.43,42.2,21
-103.999,40.885,21.5
5.216,43.438,17
-118.14717,33.81177,18.3
-92.44553,35.59461,21
81.818,17.11,31
-110.42203,44.54477,12.8
-71.148,47.323,5.1
-127.18278,54.82528,9
-116.87194,40.60476,26
128.669,38.061,19
-118.176,50.958,24
-95.85837,28.97172,22.2
-88.73133,44.61522,16.5
106.766,47.843,3
-163.298,62.057,7
25.348,37.435,18
-99.33626,40.44962,17.2
-79.27623,42.4932,11.7
39.228,51.814,15
12.82,56.691,11
-83.351,64.188,-1
115.25,5.301,29
-69.99318,41.68777,11.7
-80.99385,33.97197,21.7
78.18,30.19,26
-76.316,20.786,26
116.837,6.922,32
133.669,33.546,24
-88.41349,38.37959,19.3
-0.45,39.58,14
-87.66694,39.69817,20.2
34.521,38.771,9
65.773,38.804,16
-87.7808,29.2289,28
-49.221,-16.632,20
-94.58919,39.12791,21.7
111.827,40.854,21
-48.964,-16.229,18
12.449,41.656,15
-76.88996,42.16009,8.9
-72.657,46.226,15.4
-75.956,4.758,25
8.793,42.531,15
-80.69488,32.22626,25
-90.75592,46.78873,6
24.141,35.54,18
-44.234,-2.585,27
-95.47596,29.50501,22.1
12.834,61.165,7
10.5,46.833,13
-100.93,22.256,23
-118.35885,37.37114,28.9
100.787,18.807,28
103.772,16.117,30
-94.65361,53.85722,8
-80.11104,26.24636,28.3
107.414,21.118,32
-108.23816,43.46441,15
-79.85544,38.8899,17.8
-79.42278,46.36361,12
-84.3581,46.47998,11.7
121.453,-30.785,12
-88.96121,38.64462,20.6
-74.26455,41.50905,9.4
-93.31188,44.32984,17
-90.92156,36.12556,23.3
16.396,39.331,9
-81.43712,28.29237,28
-63.534,44.602,9.5
-82.01928,27.9866,22
21.545,57.361,12
-122.60917,45.59578,22.8
-98.81129,32.41642,24.8
85.322,23.314,28
-115.57658,32.83464,33.9
2.86,30.571,21
-61.797,12.006,27
-86.85832,34.27222,21
9.406,41.924,20
-75.426,6.169,18
-122.58,47.079,20
-76.432,38.152,14.4
-92.73321,41.70974,19.1
-72.61523,44.5328,15
-76.60132,36.68255,18.3
-93.221,50.631,8
-91.638,45.311,17.7
-99.76865,36.29659,23.3
-56.08306,51.39194,3
-126.543,49.383,12
-89.58104,42.24751,22.3
166.667,-77.85,-21.1
18.269,42.56,22
-86.665,41.32754,16
44.331,46.374,13
-70.92426,43.27937,11.7
-92.85378,48.01706,11.9
-114.681,51.777,20.7
-97.03495,37.16493,20.6
-82.08194,42.30639,13
-88.87194,39.83079,21.7
113.025,3.12,28
-85.44333,54.98806,16
-61.78889,50.19,3
136.82,-12.274,28
20.823,39.696,12
18.544,69.058,9
6.504,51.23,17
-115.78194,49.61222,21
-94.5527,43.98551,17
-98.295,43.064,21
-100.92703,29.37839,30.6
-109.63,47.014,20
51.465,36.663,19
-106.09573,35.61096,24.4
167.724,8.72,29.1
158.21,6.96,30.8
-95.69487,48.85601,12.2
28.821,40.982,17
-97.04669,28.08366,25.6
-96.86772,32.67818,26.1
-102.65,32.678,26.3
-72.865,41.69,10.4
15.243,-26.687,13
-89.08175,41.89058,22.8
-97.58256,33.25684,24.5
34.908,-19.796,20
-6.349,36.645,24
123.978,10.308,31
-68.758,76.527,-3.1
2.642,47.052,18
-73.35,45.294,15.9
-111.337,42.252,20
-68.356,18.566,26
-86.01026,31.85742,22.2
-162.76128,66.06955,1.7
-82.03847,33.4668,21.1
10.396,42.731,17
-121.403,38.678,26
-74.05617,40.85898,10
-81.15111,43.03306,10
20.583,54.885,13
-94.182,42.549,20.6
-112.39116,37.85112,21
19.797,50.078,11
100.283,-0.783,28
25.945,40.856,17
3.596,51.441,16
29.562,40.255,15
-91.97797,45.50458,16
-156.43453,20.8887,26.7
-123.87028,49.05222,19
-113.01089,38.42251,26.1
-133.496,68.313,10.1
-67.906,3.854,24
-91.82867,36.07128,22
-85.45433,40.85428,15.6
-89.62481,44.92647,16.1
-97.44475,30.57038,25
-123.20015,39.12781,24.4
-161.82,59.011,3
-95.38003,41.98423,20
135.364,33.662,24
-121.23,61.76,16.8
-99.84623,43.39096,23.3
-116.006,39.602,20
-109.801,46.444,22
-89.67423,39.16052,19
-100.56868,41.96458,17.5
95.014,27.481,24
-120.583,34.733,18.1
143.217,42.733,12
-54.473,-25.737,14
136.962,37.293,19
-76.02609,43.98885,10
-123.4,48.43333,14
99.621,7.512,27
108.752,34.449,23
26.352,42.456,15.4
-77.38507,35.6374,21
-64.679,32.364,23
-82.15264,34.25395,20
-147.094,64.654,14.4
105.688,-10.453,26
-109.895,32.245,30
141.135,39.429,12
-131.602,53.03,10.2
-101.25541,37.97069,22
-94.902,49.318,11
-104.869,41.141,20.2
-0.746,48.031,19
-85.44323,31.31768,25
-5.651,42.588,17
-78.45514,38.13737,12.2
-90.467,49.033,8.4
-87.661,30.291,25
-0.341,53.58,12
140.822,41.77,13
4.216,39.855,16
-101.37697,37.60366,24
7.64,48.549,16
-84.20127,36.79541,20.6
-93.19691,36.52586,19
-80,48.15,17.7
-76.61,37.134,16.8
73.529,4.192,28
69.476,42.366,17
-74.963,45.251,13.5
-0.523,53.175,14
-69.306,-51.609,5
-73.16963,42.6973,8.9
-82.36419,32.19329,22
-86.46739,30.39333,26.7
10.331,55.475,11
-120.90079,44.28584,25
139.839,35.637,19
-84.77132,33.3107,23.6
-74.78,10.883,28
-80.37629,27.49815,27.8
60.792,56.745,15
127.754,26.271,27.8
-73.09516,43.98877,11.7
-90.27773,29.99739,22.2
128.4,27.044,25
71.0374,22.3772,28
-120.40273,42.15379,22.8
140.428,37.227,17
-91.02994,32.34806,21.1
-84.43364,38.23903,19.7
24.209,59.26,13
30.896,30.108,18
-86.1631,40.6375,18.1
-89.3958,28.6967,25
-95.39399,45.86803,15
-82.443,49.405,20.1
-83.33122,42.23112,12.8
5.955,48.583,16
-103.54698,45.60427,20
-85.99361,43.44171,14
6.698,49.979,16.6
-89.17051,31.66819,23
-96.81188,46.92424,17.2
-84.00143,34.85518,19.9
170.198,-45.928,13
-105.5979995727539,36.80030059814453,19.5
-81.712,43.765,8.6
-115.781,60.839,11
-77.879,45.072,8.9
-99.77503,40.79146,14.6
-64.10639,53.56194,3
15.953,-17.878,13
-75.99006,40.98446,7
-77.12597,37.50266,15
-107.72055,32.25924,30.6
54.404,36.908,15
101.092,4.568,27
-87.84902,43.77479,11.1
-74.12071,40.18218,12
-92.017,17.534,36
-83.192,30.979,26
-54.8,49.688,1.8
-82.98554,32.56322,21.6
21.287,37.923,15
-105.946,49.729,21.3
-79.10358,40.63373,11
-161.82928,60.78505,3.9
-87.51466,38.05016,21.7
-89.32389,48.37194,7
-87.32206,39.4429,18.9
-93.84605,45.1601,15
-165.44006,64.51113,5.6
-88.16761,34.77454,23.7
0.276,29.237,22
-87.9048,42.12076,13.9
114.759,-3.44,30
-106.61544,35.04189,27.8
-80.22396,26.84187,27
-88.8506,33.43257,20
-47.933,-15.867,20
-165.604,61.537,6.1
1.332,36.213,19
-121.14072,44.25581,26.1
116.603,40.082,25
25.982,71.009,6
-76.8552,40.21844,10
-95.55627,30.068,20.6
-84.61138,38.03391,21.1
-132.377,56.486,8.3
-80.545,42.864,9.5
12.285,57.667,10
-117.38926,34.59326,29
12.488,37.911,14
-83.114,40.281,19
-95.404,32.3587,26.1
-97.33914,41.44718,20.6
4.903,43.911,15
-121.78826,38.53005,25
21.615,47.489,17
-81.95307,40.5357,17
-71.157,-41.151,3
-17.755,28.633,20
-2.719,51.383,11
-73.618,4.162,24
113.219,28.18,29
-116.50432,33.82216,33.9
-105.436,48.808,22
-106.62139,48.21416,22.8
25.675,62.404,15
19.283,65.592,10
-92.15671,38.59453,18
150.777,-33.601,19
-123.88326,46.15695,14.4
-120.59957,34.84945,16.6
-72.861,45.05,14.9
128.833,32.666,24
-43.966,-19.635,19
-85.20223,44.98671,12
-39.033,-14.816,26
-75.51324,38.3409,13.3
19.749,46.917,16
-71.288,46.781,13.3
-104.00889,53.33278,21
149.2,-35.309,16
-17.067,14.671,22
-79.101,46.71,14.2
-117.247,34.09,27
-118.15723,35.06264,29.4
-72.01911,44.56774,12.6
77.068,31.082,24
-98.79566,39.7606,19.4
-83.743,46.009,10.2
9.879,57.093,10
-97.67667,30.68088,27.2
-120.46423,34.66465,17.2
-95.88573,46.82862,14.2
-80.85345,33.46374,20.6
-78.698,26.555,27
-82.86091,31.47385,22.4
2.862,51.199,14
50.827,35.776,15
-87.6622,20.1725,28
38.081,40.967,16
-99.34023,34.69633,26
-70.9153,42.5841,11.1
55.517,25.329,26
-159.566,62.688,7.2
-124.29023,42.07535,12.2
-118.36545,34.19964,20.6
-121.35159,38.91485,27
-102.61923,37.45472,20
-145.243,66.572,14.4
-47.774,-21.134,22
1.754,47.985,15
-66.356,-33.273,8
121.552,25.069,32
-117.126,33.577,20
-103.488,41.137,23
-78.932,35.131,19
-114.92686,44.17079,19.4
4.79,52.315,14
30.519,39.81,12
135.224,34.633,24
-122.63,48.18,13.9
-4.482,36.666,18
-0.461,51.477,16
23.358,69.978,8
14.181,42.432,14
-78.73606,42.93998,10.6
82.5,50.027,9
28,-26.15,10
48.553,34.869,9
-94.92042,41.69935,21
8.878,46.164,17
56.624,24.388,29
-109.416,47.454,21.4
-106.47364,42.89778,18.3
-86.94726,38.25048,21
-102.79714,46.79968,17.8
-81.88962,31.55211,22
-119.75002,38.99627,25
-7.95,12.534,29
-149.607,-17.554,29
-91.32674,40.66151,23
72.635,23.077,29
-96.67007,34.80205,22
-82.221,29.16364,24
-89.73068,45.92638,14.5
16.301,43.539,21
-115.781,60.839,11
144.96,43.578,16
-76.54603,40.83712,9.7
-79.3341,34.18515,21
-159.1595,55.9096,6.1
-97.36939,48.40813,14
99.729,6.33,25
-80.17763,26.19904,28.3
-72.00126,42.80667,12.8
-100.28643,44.38191,22.2
-100.928,25.544,27
-92.14471,37.74447,16.5
-82.81351,33.77969,20.6
-79.85437,36.44075,13.1
-4.053,57.538,14
31.1,-17.921,12
-93.55346,44.07022,17
-21.941,64.129,8
-109.466,49.903,20.7
-117.86457,42.59017,25.6
-117.884,48.544,27
136.108,-1.19,30
124.674,24.653,30
-78.5559,36.60083,15
-99.39263,35.42613,22.9
-79.884,-2.158,28
-101.76787,41.11639,20.1
99.94,8.546,29
-123.434,65.209,5.5
-111.72123,33.46587,35
106.659,-6.125,30
104.225,13.371,31
-51.427,-22.175,19
16.125,49.166,15
41.661,38.748,9
16.683,68.491,9
-92.6948,45.31083,15.6
72.176,10.824,28
-98.48394,29.54429,26.1
-83.14014,33.59906,21
29.309,40.899,16
-77.51746,38.72403,12.2
-77.915,18.502,29
-88.24595,30.68819,22.2
-16.282,12.556,25
87.474,43.907,16
-96.25353,28.7248,23.3
-49.137,-5.368,26
-110.40596,41.39409,19.9
43.337,38.469,10
-90.22142,32.33755,21.1
35.426,37.002,16
-97.0951,32.65829,26.7
135.601,34.597,26
-54.849,-25.461,15
-89.98654,36.5945,21
-94.34527,38.60739,19
10.1,35.667,20
-96.1789,44.98386,17
73.828,15.378,24
44.405,31.99,25
-84.6141,37.05286,21
-83.63744,40.61421,17
-75.72182,44.06175,10
-117.42921,47.97416,25.6
-90.30638,45.10131,14.6
-81.20359,37.2978,13.9
26.604,39.054,18
38.092,38.435,10
-157.09613,21.15447,25.6
-83.98624,41.03415,16
-123.439,48.432,14.7
-75.465,39.13,13
-86.523,16.316,29
127.783,26.718,26.7
57.203,50.248,12
-92.48292,44.01984,19.4
-76.32643,36.6631,17.7
-75.12285,40.33016,9.4
44.336,48.788,11
-80.41532,41.02282,12.8
-84.56892,33.35428,24.4
-106.271,23.161,32
108.199,16.044,32
-99.27424,38.8392,22.2
-79.33499,36.57286,13.3
-118.7252,34.7433,19.4
-73.718,-42.347,8
-55.834,-27.221,15
-86.68815,36.11053,24.4
-76.03092,38.53715,13
-121.44417,37.69194,26
-74.62591,41.19926,10
98.542,16.703,27
7.6,49.437,14.3
35.609,3.122,28
-75.67393,36.01651,21.2
-0.773,51.28,14
-84.50944,46.48528,12
-35.895,-7.27,22
-97.62966,48.78379,12
-93.26511,42.46913,20.1
-79.84889,47.695,16
-94.6886,26.9392,28
-88.17904,41.51755,17.7
-95.851,68.633,-1